student_id,query_index,total_queries,is_first_query,time_since_session_start_s,time_since_last_query_s,pre_duration_s,pre_code_edits,pre_terminal_runs,pre_terminal_errors,pre_code_edit_rate,thinking_time_s,pre_longest_idle_s,pre_max_consecutive_errors,pre_error_self_fix,pre_error_ai_fix,implementing_time_s,debugging_time_s,testing_time_s,seeking_help_time_s,test_passed_at_query,test_total_at_query,post_code_edits,post_terminal_runs,post_terminal_errors,task_completed,session_duration_s,label_query_no_effort
11688,1,2,1,164.09,0.0,164.09,107,26,0,0.6521,113.79,21.01,0,0,0,73.53,0.0,7.79,2.03,4,4,0,0,0,1,920.1,1.0
11688,2,2,0,204.69,40.6,38.74,0,0,0,0.0,29.8,22.97,0,0,0,0.0,0.0,0.0,5.75,4,4,25,27,0,1,920.1,
11689,1,3,1,79.45,0.0,79.45,0,0,0,0.0,55.13,13.95,0,0,0,0.0,0.0,0.0,33.18,0,0,32,0,0,1,710.35,0.0
11689,2,3,0,117.49,38.03,27.89,32,0,0,1.1475,13.81,9.58,0,0,0,10.02,0.0,0.0,0.58,0,0,10,0,0,1,710.35,0.0
11689,3,3,0,139.04,21.55,19.62,10,0,0,0.5097,11.34,11.34,0,0,0,4.3,0.0,0.0,3.97,0,0,88,40,1,1,710.35,
11690,1,2,1,91.14,0.0,91.14,23,1,0,0.2524,64.82,18.96,0,0,0,13.15,4.85,0.0,10.74,2,4,0,0,0,1,949.8,1.0
11690,2,2,0,113.53,22.38,19.6,0,0,0,0.0,11.53,11.53,0,0,0,0.0,0.0,0.0,4.54,2,4,197,15,1,1,949.8,
11691,1,4,1,132.82,0.0,132.82,16,1,1,0.1205,106.42,24.55,1,1,0,7.12,16.27,0.0,23.89,0,0,0,0,0,1,956.88,1.0
11691,2,4,0,146.1,13.28,12.05,0,0,0,0.0,6.07,6.07,0,0,0,0.0,0.0,0.0,5.53,0,0,0,0,0,1,956.88,1.0
11691,3,4,0,161.82,15.72,13.49,0,0,0,0.0,9.15,9.15,0,0,0,0.0,0.0,0.0,1.96,0,0,39,2,0,1,956.88,0.0
11691,4,4,0,307.15,145.33,142.24,39,2,0,0.2742,104.92,26.55,0,0,0,0.0,23.06,0.0,10.91,3,4,75,24,1,1,956.88,
11692,1,8,1,82.54,0.0,82.54,4,0,0,0.0485,50.86,16.0,0,0,0,1.88,0.0,0.0,18.24,0,0,2,0,0,1,2127.22,0.0
11692,2,8,0,100.67,18.14,16.18,2,0,0,0.1236,6.33,6.33,0,0,0,0.0,0.0,0.0,7.86,0,0,0,0,0,1,2127.22,1.0
11692,3,8,0,142.0,41.33,38.5,0,0,0,0.0,32.6,17.78,0,0,0,0.0,0.0,0.0,5.44,0,0,2,0,0,1,2127.22,0.0
11692,4,8,0,160.79,18.79,16.65,2,0,0,0.1201,7.01,7.01,0,0,0,2.97,0.0,0.0,6.39,0,0,0,0,0,1,2127.22,1.0
11692,5,8,0,171.38,10.59,8.59,0,0,0,0.0,5.86,5.86,0,0,0,0.0,0.0,0.0,2.27,0,0,0,0,0,1,2127.22,1.0
11692,6,8,0,183.95,12.57,7.74,0,0,0,0.0,3.46,3.46,0,0,0,0.0,0.0,0.0,4.29,0,0,0,0,0,1,2127.22,1.0
11692,7,8,0,192.73,8.78,4.65,0,0,0,0.0,3.72,3.72,0,0,0,0.0,0.0,0.0,0.93,0,0,0,0,0,1,2127.22,1.0
11692,8,8,0,222.74,30.01,27.59,0,0,0,0.0,19.71,12.81,0,0,0,0.0,0.0,0.0,7.3,0,0,153,23,8,1,2127.22,
11693,1,4,1,122.92,0.0,122.92,10,0,0,0.0814,105.45,46.59,0,0,0,6.29,0.0,0.0,0.6,0,0,29,3,0,1,971.93,0.0
11693,2,4,0,156.72,33.8,31.68,29,3,0,0.9155,8.13,4.35,0,0,0,0.0,20.65,0.0,0.98,3,4,0,0,0,1,971.93,1.0
11693,3,4,0,183.75,27.03,24.5,0,0,0,0.0,19.99,19.99,0,0,0,0.0,0.0,0.0,4.21,3,4,78,18,0,1,971.93,0.0
11693,4,4,0,373.82,190.07,187.82,78,18,0,0.4153,142.13,33.48,0,0,0,0.0,36.26,0.0,2.59,3,4,141,13,0,1,971.93,
11694,1,16,1,103.78,0.0,103.78,0,0,0,0.0,97.05,73.42,0,0,0,0.0,0.0,0.0,0.48,0,0,0,0,0,1,961.23,1.0
11694,2,16,0,136.45,32.67,30.7,0,0,0,0.0,22.45,16.51,0,0,0,0.0,0.0,0.0,8.24,0,0,0,0,0,1,961.23,1.0
11694,3,16,0,162.22,25.77,23.06,0,0,0,0.0,10.04,10.04,0,0,0,0.0,0.0,0.0,12.46,0,0,36,0,0,1,961.23,0.0
11694,4,16,0,206.92,44.7,42.72,36,0,0,0.8426,8.97,5.32,0,0,0,24.91,0.0,0.0,7.62,0,0,0,0,0,1,961.23,1.0
11694,5,16,0,234.18,27.26,25.75,0,0,0,0.0,22.86,16.36,0,0,0,0.0,0.0,0.0,2.89,0,0,1,0,0,1,961.23,1.0
11694,6,16,0,263.18,28.99,26.38,0,0,0,0.0,16.43,16.43,0,0,0,17.07,0.0,0.0,9.3,0,0,0,0,0,1,961.23,1.0
11694,7,16,0,282.45,19.27,17.28,0,0,0,0.0,9.55,9.55,0,0,0,0.0,0.0,0.0,7.16,0,0,22,0,0,1,961.23,0.0
11694,8,16,0,320.61,38.17,32.92,22,0,0,0.6683,16.98,16.98,0,0,0,10.9,0.0,0.0,4.21,0,0,0,0,0,1,961.23,1.0
11694,9,16,0,343.2,22.59,20.59,0,0,0,0.0,16.02,16.02,0,0,0,0.0,0.0,0.0,3.49,0,0,0,0,0,1,961.23,1.0
11694,10,16,0,370.64,27.44,24.89,0,0,0,0.0,16.8,16.8,0,0,0,0.0,0.0,0.0,7.19,0,0,20,0,0,1,961.23,0.0
11694,11,16,0,409.52,38.88,33.15,20,0,0,0.6034,18.82,13.81,0,0,0,7.8,0.0,0.0,6.03,0,0,12,0,0,1,961.23,0.0
11694,12,16,0,447.03,37.51,34.93,12,0,0,0.3435,19.92,8.64,0,0,0,4.95,0.0,0.0,12.61,0,0,49,0,0,1,961.23,0.0
11694,13,16,0,513.64,66.61,62.92,49,0,0,0.7787,35.19,19.87,0,0,0,20.07,0.0,0.0,7.92,0,0,9,1,1,1,961.23,0.0
11694,14,16,0,604.77,91.13,88.2,9,1,1,0.102,78.65,35.06,1,0,0,0.84,41.54,0.0,1.08,0,0,4,13,0,1,961.23,0.0
11694,15,16,0,633.78,29.02,26.59,4,13,0,0.1504,19.78,16.33,0,0,0,7.16,0.0,0.0,2.73,4,4,0,0,0,1,961.23,1.0
11694,16,16,0,654.18,20.39,17.93,0,0,0,0.0,5.61,5.61,0,0,0,0.0,0.0,0.0,11.14,4,4,0,0,0,1,961.23,
11695,1,10,1,123.78,0.0,123.78,21,0,0,0.1697,99.33,41.14,0,0,0,9.07,0.0,0.0,7.08,0,0,0,0,0,1,980.79,1.0
11695,2,10,0,146.03,22.25,19.68,0,0,0,0.0,16.24,16.24,0,0,0,0.0,0.0,0.0,2.4,0,0,0,0,0,1,980.79,1.0
11695,3,10,0,181.26,35.23,32.59,0,0,0,0.0,29.19,20.55,0,0,0,0.0,0.0,0.0,3.39,0,0,9,0,0,1,980.79,0.0
11695,4,10,0,205.4,24.14,21.29,9,0,0,0.4227,10.47,6.44,0,0,0,4.26,0.0,0.0,2.75,0,0,21,0,0,1,980.79,0.0
11695,5,10,0,260.28,54.88,52.63,21,0,0,0.399,29.41,10.6,0,0,0,19.98,0.0,0.0,5.32,0,0,36,0,0,1,980.79,0.0
11695,6,10,0,329.42,69.14,65.96,36,0,0,0.5458,41.98,10.51,0,0,0,26.21,0.0,0.0,1.08,0,0,7,0,0,1,980.79,0.0
11695,7,10,0,352.04,22.62,19.05,7,0,0,0.3675,12.65,8.62,0,0,0,4.78,0.0,0.0,0.46,0,0,114,1,0,1,980.79,0.0
11695,8,10,0,478.81,126.77,125.14,114,1,0,0.911,65.8,27.73,0,0,0,34.21,32.34,2.04,3.92,3,4,226,1,1,1,980.79,0.0
11695,9,10,0,625.34,146.53,142.75,226,1,1,1.5832,51.65,7.22,1,1,0,0.0,123.03,2.63,0.73,3,4,78,1,1,1,980.79,0.0
11695,10,10,0,684.48,59.14,57.08,78,1,1,1.3666,19.31,10.17,1,1,0,0.0,33.83,0.0,2.11,3,4,16,13,0,1,980.79,
11696,1,2,1,107.83,0.0,107.83,29,0,0,0.269,78.69,12.14,0,0,0,28.41,0.0,0.0,11.78,0,0,39,1,1,1,967.2,0.0
11696,2,2,0,222.48,114.65,112.76,39,1,1,0.3459,69.99,21.78,1,0,0,33.76,0.0,0.0,6.83,0,0,254,22,8,1,967.2,
11697,1,9,1,68.38,0.0,68.38,0,0,0,0.0,47.62,17.06,0,0,0,0.0,0.0,0.0,18.29,0,0,0,0,0,1,1048.84,1.0
11697,2,9,0,79.26,10.89,9.46,0,0,0,0.0,7.09,7.09,0,0,0,0.0,0.0,0.0,2.37,0,0,0,0,0,1,1048.84,1.0
11697,3,9,0,107.74,28.48,18.6,0,0,0,0.0,15.28,15.28,0,0,0,0.0,0.0,0.0,2.74,0,0,0,0,0,1,1048.84,1.0
11697,4,9,0,120.38,12.64,10.76,0,0,0,0.0,6.55,6.55,0,0,0,0.0,0.0,0.0,3.89,0,0,0,0,0,1,1048.84,1.0
11697,5,9,0,142.81,22.43,20.28,0,0,0,0.0,10.79,10.79,0,0,0,0.0,0.0,0.0,9.18,0,0,88,2,2,1,1048.84,0.0
11697,6,9,0,288.75,145.94,140.93,88,2,2,0.6244,90.03,21.51,1,2,0,34.62,12.54,0.0,3.99,0,0,37,0,0,1,1048.84,0.0
11697,7,9,0,336.9,48.14,45.36,37,0,0,0.8156,13.76,8.05,0,0,0,0.0,22.82,0.0,10.62,0,0,2,0,0,1,1048.84,0.0
11697,8,9,0,359.17,22.28,17.69,2,0,0,0.1131,6.87,6.87,0,0,0,0.0,0.0,0.0,6.42,0,0,179,14,1,1,1048.84,0.0
11697,9,9,0,600.9,241.73,232.2,179,14,1,0.7709,109.47,22.88,1,1,0,0.0,77.78,0.0,16.08,4,4,63,39,0,1,1048.84,
11698,1,9,1,88.19,0.0,88.19,0,0,0,0.0,80.73,58.45,0,0,0,0.0,0.0,0.0,1.15,0,0,0,0,0,1,992.66,1.0
11698,2,9,0,143.55,55.35,53.9,0,0,0,0.0,34.98,34.98,0,0,0,0.0,0.0,0.0,17.45,0,0,0,0,0,1,992.66,1.0
11698,3,9,0,160.91,17.37,15.65,0,0,0,0.0,7.15,7.15,0,0,0,0.0,0.0,0.0,7.09,0,0,53,1,1,1,992.66,0.0
11698,4,9,0,235.3,74.38,72.15,53,1,1,0.7346,27.76,10.32,1,1,0,27.07,9.91,0.0,14.23,0,0,53,1,1,1,992.66,0.0
11698,5,9,0,333.32,98.02,95.44,53,1,1,0.5553,67.51,21.85,1,1,0,0.0,27.59,0.0,3.13,0,0,37,1,1,1,992.66,0.0
11698,6,9,0,384.06,50.74,49.08,37,1,1,0.7539,22.28,8.28,1,1,0,0.0,24.06,0.0,0.34,0,0,56,10,0,1,992.66,0.0
11698,7,9,0,527.14,143.09,140.66,56,10,0,0.3981,105.58,50.32,0,0,0,0.0,42.32,0.0,4.96,2,4,24,11,0,1,992.66,0.0
11698,8,9,0,565.39,38.24,36.56,24,11,0,0.6564,10.62,5.82,0,0,0,0.0,18.43,2.16,4.41,3,4,4,0,0,1,992.66,0.0
11698,9,9,0,652.69,87.31,85.36,4,0,0,0.0469,81.76,63.78,0,0,0,0.0,1.43,0.0,0.55,3,4,108,18,1,1,992.66,
11699,1,6,1,292.75,0.0,292.75,142,1,1,0.4851,221.17,73.79,1,0,0,111.33,0.0,0.0,15.39,0,0,39,1,1,1,994.61,0.0
11699,2,6,0,396.91,104.16,100.78,39,1,1,0.387,67.8,39.93,1,0,0,0.0,25.25,0.0,7.75,0,0,81,5,1,1,994.61,0.0
11699,3,6,0,529.75,132.84,129.72,81,5,1,0.6244,69.67,16.7,1,1,0,0.0,67.75,1.74,7.55,3,4,25,0,0,1,994.61,0.0
11699,4,6,0,597.82,68.07,63.21,25,0,0,0.3955,38.22,19.69,0,0,0,0.0,12.26,0.0,15.03,3,4,21,0,0,1,994.61,0.0
11699,5,6,0,648.72,50.91,49.36,21,0,0,0.4255,24.75,14.56,0,0,0,0.0,15.43,0.0,11.62,3,4,25,13,0,1,994.61,0.0
11699,6,6,0,711.81,63.09,59.23,25,13,0,0.4221,43.71,26.66,0,0,0,0.0,8.93,0.0,4.54,4,4,0,0,0,1,994.61,
11700,1,2,1,97.66,0.0,97.66,15,0,0,0.1536,82.56,20.86,0,0,0,8.51,0.0,0.0,0.58,0,0,19,2,0,1,961.54,0.0
11700,2,2,0,181.76,84.1,81.79,19,2,0,0.2323,63.52,17.88,0,0,0,14.84,0.0,0.0,7.37,3,4,150,30,1,1,961.54,
11701,1,11,1,132.84,0.0,132.84,41,0,0,0.3086,86.97,21.69,0,0,0,33.28,0.0,0.0,21.79,0,0,24,1,1,1,997.05,0.0
11701,2,11,0,183.05,50.2,47.72,24,1,1,0.5029,27.49,21.91,1,0,0,12.87,0.0,0.0,4.57,0,0,0,0,0,1,997.05,1.0
11701,3,11,0,206.43,23.38,21.03,0,0,0,0.0,16.33,16.33,0,0,0,0.0,0.0,0.0,4.24,0,0,26,7,5,1,997.05,0.0
11701,4,11,0,307.96,101.53,99.86,26,7,5,0.2604,62.33,14.82,1,5,0,0.0,18.64,1.84,17.06,2,4,32,6,0,1,997.05,0.0
11701,5,11,0,374.24,66.28,64.14,32,6,0,0.4989,35.88,12.18,0,0,0,0.0,20.51,2.91,6.65,2,4,2,22,0,1,997.05,0.0
11701,6,11,0,411.14,36.9,34.74,2,22,0,0.0576,18.06,6.44,0,0,0,0.0,0.18,12.78,8.57,2,4,160,9,2,1,997.05,0.0
11701,7,11,0,548.21,137.07,135.21,160,9,2,1.1834,53.46,12.51,1,1,0,0.0,85.7,2.42,3.93,3,4,0,0,0,1,997.05,1.0
11701,8,11,0,587.3,39.09,36.26,0,0,0,0.0,31.88,31.88,0,0,0,0.0,0.0,0.0,3.43,3,4,13,14,4,1,997.05,0.0
11701,9,11,0,684.74,97.44,94.89,13,14,4,0.137,66.66,20.77,1,4,0,0.0,7.87,1.82,7.25,3,4,0,0,0,1,997.05,1.0
11701,10,11,0,716.51,31.77,29.99,0,0,0,0.0,21.0,21.0,0,0,0,0.0,0.0,0.0,8.45,3,4,72,17,0,1,997.05,0.0
11701,11,11,0,755.49,38.98,36.71,72,17,0,1.9612,9.62,6.56,0,0,0,0.0,27.54,0.0,1.81,3,4,35,39,0,1,997.05,
11702,1,7,1,45.47,0.0,45.47,0,0,0,0.0,25.87,20.65,0,0,0,0.0,0.0,0.0,0.43,0,0,9,0,0,1,938.36,1.0
11702,2,7,0,89.38,43.91,89.38,9,0,0,0.1007,62.16,21.83,0,0,0,7.44,0.0,0.0,1.08,0,0,0,0,0,1,938.36,1.0
11702,3,7,0,101.88,12.49,9.69,0,0,0,0.0,6.05,6.05,0,0,0,0.0,0.0,0.0,3.3,0,0,0,0,0,1,938.36,1.0
11702,4,7,0,127.92,26.05,23.37,0,0,0,0.0,20.3,10.8,0,0,0,0.0,0.0,0.0,3.07,0,0,40,1,1,1,938.36,0.0
11702,5,7,0,227.73,99.81,97.76,40,1,1,0.4092,80.48,34.41,1,1,0,44.14,11.56,0.0,0.98,0,0,3,0,0,1,938.36,0.0
11702,6,7,0,255.09,27.36,24.46,3,0,0,0.1226,19.09,11.59,0,0,0,0.0,6.5,0.0,1.2,0,0,147,13,0,1,938.36,0.0
11702,7,7,0,434.9,179.81,177.34,147,13,0,0.8289,89.61,36.15,0,0,0,0.0,60.85,0.0,42.43,4,4,0,0,0,1,938.36,
11703,1,13,1,157.37,0.0,157.37,0,0,0,0.0,124.43,62.24,0,0,0,0.0,0.0,0.0,19.44,0,0,18,0,0,1,985.98,0.0
11703,2,13,0,195.64,38.26,37.0,18,0,0,0.4865,20.43,8.75,0,0,0,12.27,0.0,0.0,8.2,0,0,0,0,0,1,985.98,1.0
11703,3,13,0,293.28,97.65,96.55,0,0,0,0.0,87.84,42.59,0,0,0,0.0,0.0,0.0,77.31,0,0,13,0,0,1,985.98,0.0
11703,4,13,0,323.23,29.95,28.6,13,0,0,0.4545,13.99,9.9,0,0,0,15.16,0.0,0.0,2.68,0,0,0,0,0,1,985.98,1.0
11703,5,13,0,364.35,41.12,39.34,0,0,0,0.0,32.97,17.4,0,0,0,0.0,0.0,0.0,21.38,0,0,0,0,0,1,985.98,1.0
11703,6,13,0,433.18,68.82,65.03,0,0,0,0.0,55.91,55.91,0,0,0,0.0,0.0,0.0,8.31,0,0,0,0,0,1,985.98,1.0
11703,7,13,0,449.87,16.69,14.74,0,0,0,0.0,12.65,12.65,0,0,0,0.0,0.0,0.0,1.66,0,0,33,1,0,1,985.98,0.0
11703,8,13,0,561.39,111.52,109.57,33,1,0,0.3012,84.23,24.27,0,0,0,0.0,40.01,0.0,5.14,2,4,2,0,0,1,985.98,0.0
11703,9,13,0,608.64,47.26,44.9,2,0,0,0.0445,37.03,26.84,0,0,0,0.0,0.07,0.0,5.54,2,4,0,1,1,1,985.98,0.0
11703,10,13,0,641.24,32.6,30.71,0,1,1,0.0,16.35,6.38,1,0,0,0.0,0.0,0.0,14.33,2,4,25,1,0,1,985.98,0.0
11703,11,13,0,680.71,39.47,36.18,25,1,0,0.691,21.51,14.84,0,0,0,0.0,10.7,0.0,2.19,3,4,48,0,0,1,985.98,0.0
11703,12,13,0,727.73,47.02,45.01,48,0,0,1.0665,21.96,6.82,0,0,0,0.0,21.56,0.0,1.52,3,4,21,2,2,1,985.98,0.0
11703,13,13,0,788.51,60.77,58.17,21,2,2,0.361,37.67,14.44,1,2,0,0.0,10.68,0.0,1.31,3,4,1,13,0,1,985.98,
11704,1,3,1,59.87,0.0,59.87,9,0,0,0.1503,42.32,12.52,0,0,0,1.39,0.0,0.0,9.95,0,0,58,3,1,1,966.09,1.0
11704,2,3,0,221.4,161.53,221.4,67,3,1,0.3026,158.31,47.58,1,0,0,17.66,38.25,2.75,26.57,2,4,0,0,0,1,966.09,1.0
11704,3,3,0,235.55,14.15,11.95,0,0,0,0.0,8.26,8.26,0,0,0,0.0,0.0,0.0,2.7,2,4,183,25,1,1,966.09,
11709,1,2,1,84.91,0.0,84.91,0,0,0,0.0,73.31,50.57,0,0,0,0.0,0.0,0.0,6.23,0,0,125,15,0,1,964.13,0.0
11709,2,2,0,300.11,215.19,212.82,125,15,0,0.5874,139.38,28.12,0,0,0,45.77,63.02,2.47,5.53,4,4,0,0,0,1,964.13,
11710,1,1,1,227.15,0.0,227.15,64,3,3,0.2817,176.26,43.15,1,2,0,26.06,9.84,0.0,11.69,0,0,229,106,11,1,990.18,
11711,1,3,1,115.49,0.0,115.49,0,0,0,0.0,87.38,33.32,0,0,0,0.0,0.0,0.0,32.1,0,0,175,17,5,1,977.42,0.0
11711,2,3,0,578.51,463.02,460.69,175,17,5,0.3799,316.1,86.43,1,5,0,10.55,72.47,9.51,4.15,3,4,20,0,0,1,977.42,0.0
11711,3,3,0,675.22,96.71,94.04,20,0,0,0.2127,76.26,63.26,0,0,0,0.0,3.68,0.0,8.34,3,4,150,32,0,1,977.42,
11712,1,11,1,129.81,0.0,129.81,49,0,0,0.3775,85.25,44.9,0,0,0,37.77,0.0,0.0,1.31,0,0,0,0,0,0,998.65,1.0
11712,2,11,0,139.6,9.79,8.42,0,0,0,0.0,7.32,7.32,0,0,0,0.0,0.0,0.0,0.91,0,0,0,0,0,0,998.65,1.0
11712,3,11,0,157.45,17.85,16.3,0,0,0,0.0,11.86,11.86,0,0,0,0.0,0.0,0.0,3.03,0,0,0,0,0,0,998.65,1.0
11712,4,11,0,172.89,15.45,13.52,0,0,0,0.0,11.51,11.51,0,0,0,0.0,0.0,0.0,0.94,0,0,29,1,0,0,998.65,0.0
11712,5,11,0,268.66,95.77,92.71,29,1,0,0.3128,69.45,15.67,0,0,0,17.05,0.0,0.0,0.38,2,4,59,4,2,0,998.65,0.0
11712,6,11,0,534.54,265.88,263.97,59,4,2,0.2235,223.18,93.26,1,2,0,0.0,109.56,3.58,1.02,2,4,49,6,3,0,998.65,0.0
11712,7,11,0,691.91,157.37,154.48,49,6,3,0.3172,104.71,41.4,1,3,0,0.0,26.39,2.3,5.25,2,4,11,1,0,0,998.65,0.0
11712,8,11,0,743.43,51.53,48.36,11,1,0,0.2275,30.6,12.32,0,0,0,0.0,10.23,1.57,5.46,2,4,9,1,0,0,998.65,0.0
11712,9,11,0,788.56,45.13,42.75,9,1,0,0.2105,32.93,14.56,0,0,0,0.0,23.36,0.0,0.5,3,4,30,0,0,0,998.65,0.0
11712,10,11,0,838.65,50.09,47.27,30,0,0,0.6347,30.98,17.03,0,0,0,0.0,15.34,0.0,4.59,3,4,0,0,0,0,998.65,1.0
11712,11,11,0,884.39,45.75,43.87,0,0,0,0.0,38.34,30.66,0,0,0,0.0,0.0,0.0,11.61,3,4,16,0,0,0,998.65,
11713,1,3,1,35.77,0.0,35.77,0,1,1,0.0,17.39,6.44,1,0,0,0.0,0.0,0.0,1.03,0,0,22,0,0,1,578.04,0.0
11713,2,3,0,113.02,77.26,66.05,19,0,0,0.2877,38.11,20.92,0,0,0,0.0,5.2,0.0,15.91,0,0,15,13,0,1,578.04,0.0
11713,3,3,0,266.53,153.51,149.89,15,13,0,0.1001,123.27,28.32,0,0,0,0.0,11.11,0.0,3.84,4,4,0,0,0,1,578.04,
11714,1,12,1,86.59,0.0,86.59,0,0,0,0.0,79.32,45.79,0,0,0,0.0,0.0,0.0,0.63,0,0,2,0,0,1,994.49,0.0
11714,2,12,0,98.44,11.85,9.48,2,0,0,0.2111,6.88,6.88,0,0,0,0.0,0.0,0.0,0.38,0,0,0,0,0,1,994.49,1.0
11714,3,12,0,110.63,12.19,10.77,0,0,0,0.0,6.47,6.47,0,0,0,0.0,0.0,0.0,1.45,0,0,34,0,0,1,994.49,0.0
11714,4,12,0,156.68,46.06,42.02,34,0,0,0.8091,13.78,8.39,0,0,0,16.98,0.0,0.0,4.47,0,0,0,0,0,1,994.49,1.0
11714,5,12,0,165.65,8.96,7.56,0,0,0,0.0,5.24,5.24,0,0,0,0.0,0.0,0.0,1.41,0,0,20,1,0,1,994.49,0.0
11714,6,12,0,220.11,54.46,51.89,20,1,0,0.3854,22.66,19.53,0,0,0,18.25,0.0,0.0,7.58,3,4,0,0,0,1,994.49,1.0
11714,7,12,0,229.14,9.02,7.46,0,0,0,0.0,3.21,3.21,0,0,0,0.0,0.0,0.0,3.41,3,4,4,0,0,1,994.49,0.0
11714,8,12,0,242.32,13.19,9.49,3,0,0,0.3161,5.28,5.28,0,0,0,0.0,2.46,0.0,1.03,3,4,52,0,0,1,994.49,0.0
11714,9,12,0,277.94,35.62,33.75,52,0,0,1.5409,5.74,5.74,0,0,0,0.0,33.33,0.0,0.39,3,4,0,0,0,1,994.49,1.0
11714,10,12,0,296.74,18.8,16.45,0,0,0,0.0,13.54,13.54,0,0,0,0.0,0.0,0.0,2.1,3,4,56,0,0,1,994.49,0.0
11714,11,12,0,354.95,58.21,55.08,56,0,0,1.0168,8.11,4.15,0,0,0,0.0,34.25,0.0,6.05,3,4,0,0,0,1,994.49,1.0
11714,12,12,0,372.34,17.39,12.9,0,0,0,0.0,11.24,11.24,0,0,0,0.0,0.0,0.0,1.37,3,4,0,13,0,1,994.49,
11715,1,7,1,353.45,0.0,353.45,168,9,6,0.4753,224.32,31.53,1,5,0,0.0,107.25,34.99,3.89,3,4,0,0,0,1,1030.6,1.0
11715,2,7,0,371.53,18.08,16.83,0,0,0,0.0,10.46,10.46,0,0,0,0.0,0.0,0.0,6.02,3,4,12,4,4,1,1030.6,0.0
11715,3,7,0,411.62,40.09,37.56,12,4,4,0.3195,13.49,9.72,1,3,0,0.0,16.55,4.83,2.78,3,4,0,0,0,1,1030.6,1.0
11715,4,7,0,441.66,30.04,28.62,0,0,0,0.0,17.58,17.58,0,0,0,0.0,0.0,0.0,10.56,3,4,2,13,0,1,1030.6,0.0
11715,5,7,0,490.8,49.14,46.27,2,13,0,0.0432,33.59,17.58,0,0,0,0.0,0.83,0.0,6.68,3,4,2,13,0,1,1030.6,0.0
11715,6,7,0,503.08,12.28,10.42,2,13,0,0.1919,5.71,5.71,0,0,0,0.0,1.3,1.66,0.94,4,4,0,0,0,1,1030.6,1.0
11715,7,7,0,509.48,6.4,4.32,0,0,0,0.0,0.0,2.42,0,0,0,0.0,0.0,0.0,1.56,4,4,0,0,0,1,1030.6,
11716,1,3,1,170.52,0.0,170.52,27,0,0,0.1583,130.92,32.0,0,0,0,37.78,0.0,0.0,23.76,0,0,0,0,0,1,2109.65,1.0
11716,2,3,0,269.38,98.86,96.34,0,0,0,0.0,63.22,42.71,0,0,0,0.0,0.0,0.0,33.37,0,0,26,0,0,1,2109.65,0.0
11716,3,3,0,354.66,85.28,83.4,26,0,0,0.3117,54.27,18.98,0,0,0,29.7,0.0,0.0,4.6,0,0,104,14,1,1,2109.65,
11717,1,10,1,92.02,0.0,92.02,6,0,0,0.0652,64.5,18.48,0,0,0,3.92,0.0,0.0,17.22,0,0,0,0,0,0,944.54,1.0
11717,2,10,0,105.97,13.95,12.63,0,0,0,0.0,7.22,7.22,0,0,0,0.0,0.0,0.0,0.39,0,0,0,0,0,0,944.54,1.0
11717,3,10,0,112.77,6.81,5.61,0,0,0,0.0,0.0,2.97,0,0,0,0.0,0.0,0.0,0.25,0,0,197,11,8,0,944.54,0.0
11717,4,10,0,441.58,328.81,327.43,197,11,8,0.6017,146.99,26.65,1,8,0,78.52,78.91,16.17,13.83,2,4,0,0,0,0,944.54,1.0
11717,5,10,0,468.36,26.78,24.6,0,0,0,0.0,17.03,8.1,0,0,0,0.0,0.0,0.0,5.54,2,4,78,2,1,0,944.54,0.0
11717,6,10,0,565.23,96.87,94.75,78,2,1,0.8232,51.72,12.81,1,0,0,0.0,35.99,0.0,3.02,3,4,0,0,0,0,944.54,1.0
11717,7,10,0,578.15,12.92,11.1,0,0,0,0.0,10.57,10.57,0,0,0,0.0,0.0,0.0,0.38,3,4,26,5,5,0,944.54,0.0
11717,8,10,0,660.73,82.58,80.78,26,5,5,0.3219,41.1,15.08,1,5,0,0.0,13.71,0.0,14.36,3,4,33,11,1,0,944.54,0.0
11717,9,10,0,779.58,118.85,117.12,33,11,1,0.2818,84.9,39.22,1,1,0,0.0,13.25,3.49,6.48,3,4,0,0,0,0,944.54,1.0
11717,10,10,0,802.27,22.69,21.11,0,0,0,0.0,13.7,8.3,0,0,0,0.0,0.0,0.0,5.87,3,4,37,5,0,0,944.54,
11718,1,5,1,114.79,0.0,114.79,17,3,1,0.1481,90.85,26.76,1,1,0,0.0,16.29,0.0,3.51,3,4,0,0,0,1,939.97,1.0
11718,2,5,0,130.68,15.89,13.64,0,0,0,0.0,7.65,7.65,0,0,0,0.0,0.0,0.0,5.22,3,4,0,0,0,1,939.97,1.0
11718,3,5,0,154.2,23.53,21.81,0,0,0,0.0,12.56,12.56,0,0,0,0.0,0.0,0.0,8.55,3,4,89,0,0,1,939.97,0.0
11718,4,5,0,262.49,108.29,105.5,89,0,0,0.8436,53.92,32.16,0,0,0,0.0,48.7,0.0,7.37,3,4,12,13,0,1,939.97,0.0
11718,5,5,0,301.18,38.69,37.0,12,13,0,0.3244,27.86,17.88,0,0,0,0.0,4.71,0.0,0.94,3,4,20,13,0,1,939.97,
11720,1,20,1,78.46,0.0,78.46,0,0,0,0.0,64.84,25.73,0,0,0,0.0,0.0,0.0,1.48,0,0,0,0,0,1,955.58,1.0
11720,2,20,0,100.48,22.01,11.33,0,0,0,0.0,9.04,5.74,0,0,0,0.0,0.0,0.0,1.5,0,0,30,1,1,1,955.58,0.0
11720,3,20,0,179.14,78.67,77.27,30,1,1,0.3883,56.42,33.84,1,0,0,53.82,0.0,0.0,1.03,0,0,14,5,0,1,955.58,0.0
11720,4,20,0,264.64,85.49,83.64,14,5,0,0.1674,36.76,12.64,0,0,0,0.0,23.43,8.2,25.26,2,4,0,0,0,1,955.58,1.0
11720,5,20,0,275.18,10.55,8.64,0,0,0,0.0,3.94,3.94,0,0,0,0.0,0.0,0.0,3.12,2,4,0,0,0,1,955.58,1.0
11720,6,20,0,295.07,19.89,17.89,0,0,0,0.0,9.25,6.21,0,0,0,0.0,0.0,0.0,8.64,2,4,13,0,0,1,955.58,0.0
11720,7,20,0,474.7,179.62,177.23,13,0,0,0.0733,129.39,38.32,0,0,0,0.0,52.05,0.0,53.92,2,4,0,0,0,1,955.58,1.0
11720,8,20,0,497.1,22.4,19.02,0,0,0,0.0,13.13,13.13,0,0,0,0.0,0.0,0.0,4.73,2,4,0,0,0,1,955.58,1.0
11720,9,20,0,515.42,18.33,16.69,0,0,0,0.0,9.43,9.43,0,0,0,0.0,0.0,0.0,6.41,2,4,0,0,0,1,955.58,1.0
11720,10,20,0,557.38,41.96,39.74,0,0,0,0.0,17.46,10.72,0,0,0,0.0,0.0,0.0,26.27,2,4,0,0,0,1,955.58,1.0
11720,11,20,0,573.63,16.25,13.6,0,0,0,0.0,7.48,7.48,0,0,0,0.0,0.0,0.0,5.04,2,4,67,6,0,1,955.58,0.0
11720,12,20,0,654.7,81.08,78.9,67,6,0,0.8491,35.4,8.09,0,0,0,0.0,47.97,0.0,0.89,3,4,0,0,0,1,955.58,1.0
11720,13,20,0,666.56,11.85,10.07,0,0,0,0.0,6.91,6.91,0,0,0,0.0,0.0,0.0,1.83,3,4,0,0,0,1,955.58,1.0
11720,14,20,0,684.05,17.49,15.58,0,0,0,0.0,8.33,8.33,0,0,0,0.0,0.0,0.0,6.37,3,4,110,0,0,1,955.58,0.0
11720,15,20,0,739.09,55.05,53.12,110,0,0,2.0709,22.45,9.69,0,0,0,0.0,32.2,0.0,0.61,3,4,0,0,0,1,955.58,1.0
11720,16,20,0,761.81,22.71,20.53,0,0,0,0.0,17.81,10.17,0,0,0,0.0,0.0,0.0,2.72,3,4,0,0,0,1,955.58,1.0
11720,17,20,0,775.31,13.5,11.6,0,0,0,0.0,4.11,4.11,0,0,0,0.0,0.0,0.0,4.59,3,4,0,0,0,1,955.58,1.0
11720,18,20,0,796.05,20.74,17.7,0,0,0,0.0,10.71,10.71,0,0,0,0.0,0.0,0.0,5.85,3,4,0,0,0,1,955.58,1.0
11720,19,20,0,838.22,42.17,37.33,0,0,0,0.0,34.27,22.03,0,0,0,0.0,0.0,0.0,1.84,3,4,45,0,0,1,955.58,0.0
11720,20,20,0,884.99,46.77,43.25,44,0,0,1.0173,22.46,16.36,0,0,0,0.0,17.91,0.0,0.64,3,4,0,13,0,1,955.58,
11721,1,2,1,40.09,0.0,40.09,0,2,2,0.0,26.38,12.46,1,0,0,0.0,0.0,2.46,2.04,0,0,18,22,9,1,920.76,1.0
11721,2,2,0,479.09,438.99,479.09,18,24,11,0.0376,433.01,83.7,1,9,2,5.12,10.64,8.71,4.06,4,4,2,0,0,1,920.76,
11722,1,16,1,115.21,0.0,115.21,21,1,1,0.1823,98.63,30.75,1,0,0,32.25,0.0,0.0,7.01,0,0,0,0,0,0,954.8,1.0
11722,2,16,0,140.93,25.73,23.84,0,0,0,0.0,15.15,15.15,0,0,0,0.0,0.0,0.0,8.26,0,0,4,1,1,0,954.8,0.0
11722,3,16,0,171.44,30.5,28.34,4,1,1,0.1412,21.53,11.87,1,0,0,0.0,3.15,0.0,2.64,0,0,51,4,0,0,954.8,0.0
11722,4,16,0,274.11,102.68,101.02,51,4,0,0.5048,63.37,11.76,0,0,0,0.0,44.6,0.0,3.74,3,4,0,0,0,0,954.8,1.0
11722,5,16,0,305.93,31.82,30.12,0,0,0,0.0,26.85,14.59,0,0,0,0.0,0.0,0.0,1.03,3,4,0,0,0,0,954.8,1.0
11722,6,16,0,344.05,38.12,34.66,0,0,0,0.0,25.53,13.53,0,0,0,0.0,0.0,0.0,8.02,3,4,107,1,1,0,954.8,0.0
11722,7,16,0,423.65,79.6,77.36,107,1,1,1.3831,50.91,24.86,1,0,0,0.0,26.86,0.0,1.41,3,4,33,15,1,0,954.8,0.0
11722,8,16,0,466.86,43.2,40.57,33,15,1,0.8134,22.94,7.21,1,1,0,0.0,27.94,0.0,0.53,3,4,6,14,0,0,954.8,0.0
11722,9,16,0,493.41,26.55,22.32,6,14,0,0.2688,17.42,13.19,0,0,0,0.0,2.05,0.0,1.87,3,4,0,0,0,0,954.8,1.0
11722,10,16,0,536.45,43.04,40.48,0,0,0,0.0,35.78,30.08,0,0,0,0.0,0.0,0.0,4.7,3,4,0,0,0,0,954.8,1.0
11722,11,16,0,567.2,30.75,26.99,0,0,0,0.0,23.01,23.01,0,0,0,0.0,0.0,0.0,2.54,3,4,0,0,0,0,954.8,1.0
11722,12,16,0,579.93,12.73,10.13,0,0,0,0.0,6.22,6.22,0,0,0,0.0,0.0,0.0,3.64,3,4,0,0,0,0,954.8,1.0
11722,13,16,0,613.8,33.87,31.5,0,0,0,0.0,26.36,26.36,0,0,0,0.0,0.0,0.0,5.14,3,4,1,0,0,0,954.8,0.0
11722,14,16,0,660.85,47.05,44.36,1,0,0,0.0225,38.81,18.13,0,0,0,0.0,3.15,0.0,3.11,3,4,33,14,0,0,954.8,0.0
11722,15,16,0,708.01,47.16,44.0,33,14,0,0.7499,21.69,9.6,0,0,0,0.0,25.93,2.03,0.37,3,4,37,28,0,0,954.8,0.0
11722,16,16,0,824.8,116.8,114.12,37,28,0,0.3242,81.92,51.16,0,0,0,0.0,23.67,2.15,0.46,3,4,2,1,1,0,954.8,
11723,1,1,1,203.57,0.0,203.57,42,27,1,0.2063,154.91,30.55,1,1,0,0.0,28.64,33.05,6.07,4,4,0,0,0,1,939.49,
11725,1,4,1,135.05,0.0,135.05,7,0,0,0.0518,123.42,51.29,0,0,0,15.33,0.0,0.0,0.56,0,0,0,0,0,1,937.86,1.0
11725,2,4,0,143.82,8.77,7.77,0,0,0,0.0,6.07,6.07,0,0,0,0.0,0.0,0.0,1.36,0,0,0,0,0,1,937.86,1.0
11725,3,4,0,147.77,3.96,3.23,0,0,0,0.0,0.0,2.66,0,0,0,0.0,0.0,0.0,0.48,0,0,0,0,0,1,937.86,1.0
11725,4,4,0,154.98,7.21,5.83,0,0,0,0.0,3.21,3.21,0,0,0,0.0,0.0,0.0,2.51,0,0,136,62,5,1,937.86,
11726,1,3,1,176.3,0.0,176.3,30,2,1,0.1702,133.16,43.03,1,1,0,24.97,12.18,0.0,4.83,3,4,1,0,0,0,1005.15,0.0
11726,2,3,0,224.72,48.42,46.9,1,0,0,0.0213,28.48,11.59,0,0,0,0.0,11.32,0.0,18.46,3,4,239,19,6,0,1005.15,0.0
11726,3,3,0,756.74,532.02,529.68,239,19,6,0.4512,344.22,83.42,1,6,0,0.0,268.89,0.0,3.67,3,4,10,4,1,0,1005.15,
11727,1,3,1,112.45,0.0,112.45,24,1,1,0.2134,91.04,17.21,1,0,0,26.02,0.0,0.0,3.57,0,0,25,1,1,1,1001.18,0.0
11727,2,3,0,147.75,35.3,33.76,25,1,1,0.7406,9.8,6.59,1,0,0,0.0,19.08,0.0,2.01,0,0,49,1,0,1,1001.18,0.0
11727,3,3,0,273.71,125.96,123.94,49,1,0,0.3953,94.13,20.4,0,0,0,0.0,16.25,0.0,37.51,2,4,256,68,10,1,1001.18,
11728,1,9,1,48.17,0.0,48.17,0,0,0,0.0,35.13,16.61,0,0,0,0.0,0.0,0.0,0.86,0,0,107,1,1,1,991.87,0.0
11728,2,9,0,141.16,92.99,91.39,107,1,1,1.1708,36.06,16.44,1,0,0,56.17,0.0,0.0,3.31,0,0,38,3,3,1,991.87,0.0
11728,3,9,0,230.49,89.33,87.53,38,3,3,0.4341,50.82,10.07,1,2,0,0.0,23.38,0.0,3.93,0,0,23,5,1,1,991.87,0.0
11728,4,9,0,282.26,51.76,49.81,23,5,1,0.4617,25.71,18.28,1,0,0,0.0,28.23,0.0,2.55,0,0,28,5,1,1,991.87,0.0
11728,5,9,0,319.19,36.94,34.54,28,5,1,0.8106,17.77,13.91,1,0,0,0.0,16.47,1.75,1.74,0,0,52,1,1,1,991.87,0.0
11728,6,9,0,363.92,44.73,43.06,52,1,1,1.2078,15.8,11.74,1,0,0,0.0,24.54,2.09,0.62,0,0,34,5,0,1,991.87,0.0
11728,7,9,0,441.04,77.12,71.98,34,5,0,0.4723,40.82,11.56,0,0,0,0.0,16.55,0.0,10.18,2,4,0,0,0,1,991.87,1.0
11728,8,9,0,459.63,18.59,16.53,0,0,0,0.0,10.45,10.45,0,0,0,0.0,0.0,0.0,5.54,2,4,122,8,3,1,991.87,0.0
11728,9,9,0,599.33,139.7,137.67,122,8,3,0.8862,76.25,14.75,1,2,0,0.0,67.29,0.0,5.03,3,4,4,14,1,1,991.87,
11729,1,1,1,434.97,0.0,434.97,185,73,2,0.4253,320.2,85.78,1,2,0,7.19,92.3,0.0,7.59,4,4,0,0,0,1,847.44,
11731,1,4,1,146.63,0.0,146.63,19,0,0,0.1296,123.08,31.15,0,0,0,15.53,0.0,0.0,4.63,0,0,0,1,0,1,969.92,0.0
11731,2,4,0,197.83,51.2,49.56,0,1,0,0.0,44.81,41.43,0,0,0,0.0,0.0,0.0,4.1,3,4,0,0,0,1,969.92,1.0
11731,3,4,0,233.27,35.44,33.9,0,0,0,0.0,21.65,12.1,0,0,0,0.0,0.0,0.0,12.25,3,4,51,0,0,1,969.92,0.0
11731,4,4,0,418.98,185.71,183.95,51,0,0,0.2772,156.42,69.16,0,0,0,0.0,36.74,0.0,1.95,3,4,249,25,0,1,969.92,
11732,1,3,1,201.48,0.0,201.48,103,7,3,0.5112,101.33,39.7,1,3,0,14.12,63.11,5.29,1.54,3,4,73,6,6,1,941.67,0.0
11732,2,3,0,365.37,163.89,161.27,73,6,6,0.4526,76.12,32.57,1,6,0,0.0,48.5,4.59,4.21,3,4,7,2,2,1,941.67,0.0
11732,3,3,0,426.92,61.56,59.09,7,2,2,0.1185,22.72,9.93,1,2,0,0.0,6.03,0.0,1.49,3,4,186,45,5,1,941.67,
11734,1,9,1,332.16,0.0,332.16,80,2,0,0.2409,272.49,67.81,0,0,0,29.1,17.96,0.0,17.56,3,4,0,0,0,1,967.37,1.0
11734,2,9,0,346.28,14.13,11.86,0,0,0,0.0,7.15,7.15,0,0,0,0.0,0.0,0.0,3.44,3,4,0,0,0,1,967.37,1.0
11734,3,9,0,367.39,21.11,18.19,0,0,0,0.0,13.43,13.43,0,0,0,0.0,0.0,0.0,4.11,3,4,0,0,0,1,967.37,1.0
11734,4,9,0,430.18,62.79,57.46,0,0,0,0.0,48.87,48.87,0,0,0,0.0,0.0,0.0,7.98,3,4,0,0,0,1,967.37,1.0
11734,5,9,0,471.59,41.41,37.93,0,0,0,0.0,35.26,28.93,0,0,0,0.0,0.0,0.0,2.03,3,4,0,0,0,1,967.37,1.0
11734,6,9,0,493.81,22.21,18.61,0,0,0,0.0,13.39,13.39,0,0,0,0.0,0.0,0.0,4.8,3,4,0,0,0,1,967.37,1.0
11734,7,9,0,550.7,56.89,52.26,0,0,0,0.0,46.85,46.85,0,0,0,0.0,0.0,0.0,5.0,3,4,217,8,8,1,967.37,0.0
11734,8,9,0,803.77,253.07,249.12,217,8,8,0.8711,125.08,21.36,1,8,0,0.0,106.62,0.0,1.63,3,4,0,0,0,1,967.37,1.0
11734,9,9,0,836.25,32.48,29.39,0,0,0,0.0,23.48,11.95,0,0,0,0.0,0.0,0.0,3.49,3,4,1,13,0,1,967.37,
11735,1,6,1,128.99,0.0,128.99,18,0,0,0.1395,94.92,33.09,0,0,0,30.91,0.0,0.0,3.41,0,0,0,0,0,1,958.34,1.0
11735,2,6,0,151.73,22.74,20.49,0,0,0,0.0,15.12,15.12,0,0,0,0.0,0.0,0.0,2.44,0,0,38,0,0,1,958.34,0.0
11735,3,6,0,270.7,118.96,115.0,38,0,0,0.3304,95.56,34.56,0,0,0,12.3,0.0,0.0,2.7,0,0,12,0,0,1,958.34,0.0
11735,4,6,0,319.07,48.38,45.92,12,0,0,0.2613,29.98,19.21,0,0,0,7.76,0.0,0.0,1.01,0,0,217,1,1,1,958.34,0.0
11735,5,6,0,628.41,309.34,305.82,217,1,1,0.7096,182.6,78.58,1,1,0,149.91,0.0,0.0,1.26,0,0,9,1,1,1,958.34,0.0
11735,6,6,0,660.35,31.94,29.42,9,1,1,0.3059,12.65,12.65,1,1,0,0.0,4.85,0.0,0.76,0,0,2,13,0,1,958.34,
11736,1,11,1,473.7,0.0,473.7,193,7,7,0.4074,296.92,38.99,1,6,0,48.07,93.42,3.03,38.12,0,0,0,0,0,0,952.5,1.0
11736,2,11,0,491.03,17.33,15.69,0,0,0,0.0,11.58,5.88,0,0,0,0.0,0.0,0.0,4.11,0,0,29,15,0,0,952.5,0.0
11736,3,11,0,613.84,122.8,120.86,29,15,0,0.24,59.77,12.54,0,0,0,0.0,33.5,0.0,48.62,3,4,0,0,0,0,952.5,1.0
11736,4,11,0,651.27,37.43,35.6,0,0,0,0.0,28.97,28.97,0,0,0,0.0,0.0,0.0,3.98,3,4,0,0,0,0,952.5,1.0
11736,5,11,0,668.51,17.24,15.24,0,0,0,0.0,11.12,11.12,0,0,0,0.0,0.0,0.0,3.55,3,4,9,0,0,0,952.5,0.0
11736,6,11,0,694.41,25.91,23.64,9,0,0,0.3808,14.02,5.16,0,0,0,0.0,4.32,0.0,4.86,3,4,50,3,3,0,952.5,0.0
11736,7,11,0,786.34,91.92,89.24,50,3,3,0.5603,51.03,20.75,1,2,0,0.0,24.26,2.75,3.6,3,4,0,0,0,0,952.5,1.0
11736,8,11,0,799.21,12.87,10.36,0,0,0,0.0,5.64,5.64,0,0,0,0.0,0.0,0.0,4.2,3,4,0,0,0,0,952.5,1.0
11736,9,11,0,835.27,36.06,34.04,0,0,0,0.0,31.26,31.26,0,0,0,0.0,0.0,0.0,1.42,3,4,0,0,0,0,952.5,1.0
11736,10,11,0,858.22,22.95,20.34,0,0,0,0.0,16.56,16.56,0,0,0,0.0,0.0,0.0,2.7,3,4,0,0,0,0,952.5,1.0
11736,11,11,0,875.24,17.02,13.45,0,0,0,0.0,11.27,11.27,0,0,0,0.0,0.0,0.0,1.77,3,4,15,1,1,0,952.5,
11737,1,5,1,115.13,0.0,115.13,1,0,0,0.0087,79.6,39.08,0,0,0,11.51,0.0,0.0,22.5,0,0,308,0,0,1,1074.57,0.0
11737,2,5,0,541.51,426.39,424.96,308,0,0,0.7248,277.74,84.75,0,0,0,239.0,0.0,0.0,31.78,0,0,0,0,0,1,1074.57,1.0
11737,3,5,0,629.74,88.22,84.84,0,0,0,0.0,70.37,57.49,0,0,0,0.0,0.0,0.0,16.82,0,0,0,0,0,1,1074.57,1.0
11737,4,5,0,663.1,33.36,31.37,0,0,0,0.0,4.04,4.04,0,0,0,0.0,0.0,0.0,29.3,0,0,2,1,1,1,1074.57,0.0
11737,5,5,0,717.71,54.62,53.01,2,1,1,0.0377,44.99,17.0,1,1,0,0.0,0.98,0.0,5.43,0,0,9,14,1,1,1074.57,
11738,1,1,1,163.19,0.0,163.19,96,2,2,0.5883,114.07,39.14,1,1,0,0.0,80.16,0.0,4.71,0,0,11,26,0,1,958.5,
11739,1,9,1,141.22,0.0,141.22,44,4,4,0.3116,103.46,15.98,1,3,0,26.05,1.47,7.52,4.55,0,0,5,2,0,1,942.33,0.0
11739,2,9,0,172.43,31.2,29.37,5,2,0,0.1703,18.46,11.05,0,0,0,0.0,3.95,0.0,5.69,3,4,0,0,0,1,942.33,1.0
11739,3,9,0,210.49,38.07,36.49,0,0,0,0.0,31.38,12.7,0,0,0,0.0,0.0,0.0,5.11,3,4,101,3,3,1,942.33,0.0
11739,4,9,0,290.14,79.65,77.29,101,3,3,1.3067,21.93,5.97,1,2,0,0.0,57.09,2.37,6.48,3,4,0,0,0,1,942.33,1.0
11739,5,9,0,312.95,22.81,20.94,0,0,0,0.0,14.91,14.91,0,0,0,0.0,0.0,0.0,4.18,3,4,0,0,0,1,942.33,1.0
11739,6,9,0,327.36,14.41,11.59,0,0,0,0.0,5.29,5.29,0,0,0,0.0,0.0,0.0,5.87,3,4,28,1,1,1,942.33,0.0
11739,7,9,0,367.2,39.85,36.59,28,1,1,0.7652,17.61,8.64,1,0,0,0.0,20.6,0.0,3.96,3,4,15,5,5,1,942.33,0.0
11739,8,9,0,431.28,64.07,60.83,15,5,5,0.2466,36.49,12.76,1,0,0,0.0,8.2,0.0,13.84,3,4,6,13,0,1,942.33,0.0
11739,9,9,0,476.95,45.67,43.22,6,13,0,0.1388,31.91,17.79,0,0,0,0.0,4.98,0.0,5.1,4,4,0,0,0,1,942.33,
11740,1,8,1,135.99,0.0,135.99,21,3,0,0.1544,92.09,32.31,0,0,0,6.46,8.9,0.0,14.14,2,4,17,1,0,1,999.8,0.0
11740,2,8,0,187.32,51.34,49.57,17,1,0,0.3429,33.65,9.26,0,0,0,0.0,13.63,0.0,4.37,3,4,10,2,0,1,999.8,0.0
11740,3,8,0,226.91,39.59,37.15,10,2,0,0.2692,18.09,9.98,0,0,0,0.0,4.07,0.0,13.73,3,4,0,0,0,1,999.8,1.0
11740,4,8,0,243.94,17.03,15.44,0,0,0,0.0,12.75,12.75,0,0,0,0.0,0.0,0.0,1.23,3,4,0,0,0,1,999.8,1.0
11740,5,8,0,278.43,34.49,30.92,0,0,0,0.0,27.78,27.78,0,0,0,0.0,0.0,0.0,2.68,3,4,82,0,0,1,999.8,0.0
11740,6,8,0,326.89,48.46,46.5,82,0,0,1.7634,20.46,12.81,0,0,0,0.0,21.66,0.0,2.51,3,4,0,0,0,1,999.8,1.0
11740,7,8,0,362.57,35.68,32.0,0,0,0,0.0,22.95,22.95,0,0,0,0.0,0.0,0.0,8.3,3,4,2,0,0,1,999.8,0.0
11740,8,8,0,440.07,77.5,71.52,2,0,0,0.028,60.58,56.48,0,0,0,0.0,0.0,0.0,11.54,3,4,7,13,0,1,999.8,
11741,1,6,1,67.89,0.0,67.89,1,0,0,0.0147,56.93,30.7,0,0,0,2.35,0.0,0.0,4.84,0,0,28,1,1,1,943.89,1.0
11741,2,6,0,142.59,74.7,142.59,29,1,1,0.2034,108.63,30.7,1,0,0,23.66,0.0,0.0,6.07,0,0,0,0,0,1,943.89,1.0
11741,3,6,0,153.34,10.75,8.02,0,0,0,0.0,5.4,5.4,0,0,0,0.0,0.0,0.0,1.97,0,0,0,0,0,1,943.89,1.0
11741,4,6,0,174.62,21.29,18.87,0,0,0,0.0,17.05,8.73,0,0,0,0.0,0.0,0.0,1.04,0,0,1,3,3,1,943.89,0.0
11741,5,6,0,204.82,30.19,28.38,1,3,3,0.0352,14.46,7.36,1,0,0,0.0,1.33,13.1,4.78,0,0,4,2,2,1,943.89,0.0
11741,6,6,0,255.16,50.35,48.62,4,2,2,0.0823,35.37,13.02,1,0,0,0.0,3.98,15.39,3.43,0,0,92,15,0,1,943.89,
11744,1,2,1,331.62,0.0,331.62,83,0,0,0.2503,260.47,55.81,0,0,0,38.66,0.0,0.0,13.94,0,0,0,0,0,1,981.95,1.0
11744,2,2,0,353.28,21.66,20.11,0,0,0,0.0,17.23,17.23,0,0,0,0.0,0.0,0.0,2.88,0,0,103,18,5,1,981.95,
11746,1,2,1,136.89,0.0,136.89,15,1,0,0.1096,87.86,30.12,0,0,0,10.81,0.0,0.0,32.48,2,4,144,13,2,1,965.25,0.0
11746,2,2,0,394.95,258.06,256.08,144,13,2,0.5623,128.1,19.42,1,2,0,0.0,149.24,0.0,17.18,3,4,54,13,0,1,965.25,
11749,1,10,1,121.01,0.0,121.01,0,0,0,0.0,96.84,61.02,0,0,0,0.0,0.0,0.0,18.94,0,0,0,0,0,1,947.94,1.0
11749,2,10,0,148.06,27.05,25.4,0,0,0,0.0,8.5,8.5,0,0,0,0.0,0.0,0.0,14.21,0,0,0,0,0,1,947.94,1.0
11749,3,10,0,177.61,29.55,27.81,0,0,0,0.0,24.64,24.64,0,0,0,0.0,0.0,0.0,2.05,0,0,1,0,0,1,947.94,0.0
11749,4,10,0,254.58,76.97,73.73,1,0,0,0.0136,47.39,19.95,0,0,0,10.18,0.0,0.0,42.23,0,0,0,0,0,1,947.94,1.0
11749,5,10,0,344.81,90.23,87.08,0,0,0,0.0,66.38,36.24,0,0,0,0.0,0.0,0.0,39.87,0,0,93,1,0,1,947.94,0.0
11749,6,10,0,464.66,119.85,116.41,93,1,0,0.7989,72.71,25.25,0,0,0,23.63,0.0,0.0,18.84,2,4,26,1,0,1,947.94,0.0
11749,7,10,0,600.22,135.56,131.95,26,1,0,0.197,105.41,39.68,0,0,0,0.0,20.98,0.0,3.23,3,4,25,0,0,1,947.94,0.0
11749,8,10,0,634.29,34.07,32.08,25,0,0,0.7794,12.54,8.17,0,0,0,0.0,12.68,0.0,5.0,3,4,2,0,0,1,947.94,0.0
11749,9,10,0,744.07,109.78,103.75,2,0,0,0.0193,79.64,62.59,0,0,0,0.0,0.0,0.0,21.52,3,4,0,0,0,1,947.94,1.0
11749,10,10,0,811.71,67.64,63.7,0,0,0,0.0,39.18,39.18,0,0,0,0.0,0.0,0.0,23.61,3,4,4,29,0,1,947.94,
11750,1,15,1,215.45,0.0,215.45,64,5,0,0.297,154.02,41.0,0,0,0,54.52,0.0,0.0,20.4,3,4,0,0,0,1,1026.99,1.0
11750,2,15,0,236.15,20.7,19.37,0,0,0,0.0,15.6,15.6,0,0,0,0.0,0.0,0.0,3.3,3,4,0,0,0,1,1026.99,1.0
11750,3,15,0,251.45,15.3,13.58,0,0,0,0.0,6.12,6.12,0,0,0,0.0,0.0,0.0,5.32,3,4,0,0,0,1,1026.99,1.0
11750,4,15,0,262.44,10.98,8.48,0,0,0,0.0,5.23,5.23,0,0,0,0.0,0.0,0.0,2.2,3,4,0,0,0,1,1026.99,1.0
11750,5,15,0,293.49,31.05,28.88,0,0,0,0.0,17.68,17.68,0,0,0,0.0,0.0,0.0,10.57,3,4,100,2,2,1,1026.99,0.0
11750,6,15,0,373.81,80.32,78.0,100,2,2,1.282,32.45,10.25,1,1,0,0.0,44.68,0.0,10.3,3,4,0,1,1,1,1026.99,0.0
11750,7,15,0,426.59,52.79,45.67,0,1,1,0.0,37.83,37.83,1,0,0,0.0,0.0,0.0,4.63,3,4,65,27,1,1,1026.99,0.0
11750,8,15,0,702.26,275.67,273.27,65,27,1,0.2379,238.94,129.35,1,1,0,0.0,24.2,0.0,12.2,4,4,0,0,0,1,1026.99,1.0
11750,9,15,0,737.18,34.92,32.2,0,0,0,0.0,16.75,16.75,0,0,0,0.0,0.0,0.0,14.88,4,4,0,0,0,1,1026.99,1.0
11750,10,15,0,746.66,9.48,7.23,0,0,0,0.0,4.57,4.57,0,0,0,0.0,0.0,0.0,1.8,4,4,0,0,0,1,1026.99,1.0
11750,11,15,0,787.82,41.15,39.37,0,0,0,0.0,21.6,16.17,0,0,0,0.0,0.0,0.0,16.97,4,4,0,0,0,1,1026.99,1.0
11750,12,15,0,825.8,37.98,35.98,0,0,0,0.0,24.75,24.75,0,0,0,0.0,0.0,0.0,10.18,4,4,0,0,0,1,1026.99,1.0
11750,13,15,0,837.37,11.57,8.53,0,0,0,0.0,0.0,2.47,0,0,0,0.0,0.0,0.0,4.85,4,4,0,0,0,1,1026.99,1.0
11750,14,15,0,873.27,35.9,33.37,0,0,0,0.0,12.73,8.52,0,0,0,0.0,0.0,0.0,20.63,4,4,0,0,0,1,1026.99,1.0
11750,15,15,0,893.0,19.73,15.73,0,0,0,0.0,8.88,5.08,0,0,0,0.0,0.0,0.0,6.85,4,4,0,0,0,1,1026.99,
11751,1,14,1,129.08,0.0,129.08,18,0,0,0.1394,96.18,37.5,0,0,0,22.24,0.0,0.0,5.06,0,0,0,0,0,1,942.78,1.0
11751,2,14,0,168.03,38.95,35.72,0,0,0,0.0,17.56,11.03,0,0,0,0.0,0.0,0.0,18.17,0,0,0,0,0,1,942.78,1.0
11751,3,14,0,222.79,54.76,51.56,0,0,0,0.0,25.99,9.91,0,0,0,0.0,0.0,0.0,40.45,0,0,2,0,0,1,942.78,0.0
11751,4,14,0,258.12,35.33,32.11,2,0,0,0.0623,20.14,13.61,0,0,0,2.93,0.0,0.0,4.68,0,0,2,0,0,1,942.78,0.0
11751,5,14,0,277.23,19.11,16.2,2,0,0,0.1234,7.6,7.6,0,0,0,6.1,0.0,0.0,0.62,0,0,8,0,0,1,942.78,0.0
11751,6,14,0,308.0,30.77,27.17,8,0,0,0.2944,13.44,13.44,0,0,0,11.55,0.0,0.0,1.75,0,0,1,0,0,1,942.78,0.0
11751,7,14,0,333.48,25.48,21.96,1,0,0,0.0455,17.03,17.03,0,0,0,3.04,0.0,0.0,1.44,0,0,3,0,0,1,942.78,0.0
11751,8,14,0,379.22,45.74,43.84,3,0,0,0.0684,32.04,9.38,0,0,0,0.0,0.0,0.0,10.06,0,0,3,0,0,1,942.78,0.0
11751,9,14,0,401.33,22.12,17.1,2,0,0,0.117,10.6,10.6,0,0,0,0.06,0.0,0.0,2.28,0,0,0,0,0,1,942.78,1.0
11751,10,14,0,423.43,22.1,16.08,0,0,0,0.0,7.85,7.85,0,0,0,0.0,0.0,0.0,7.24,0,0,1,0,0,1,942.78,0.0
11751,11,14,0,473.39,49.96,47.7,1,0,0,0.021,40.27,24.46,0,0,0,0.0,0.0,0.0,6.1,0,0,65,13,0,1,942.78,0.0
11751,12,14,0,573.63,100.24,91.66,65,13,0,0.7092,45.0,29.24,0,0,0,40.01,0.0,0.0,3.07,3,4,27,13,0,1,942.78,0.0
11751,13,14,0,704.33,130.69,127.02,27,13,0,0.2126,98.06,35.53,0,0,0,0.0,17.72,0.0,2.08,3,4,0,0,0,1,942.78,1.0
11751,14,14,0,744.27,39.94,36.63,0,0,0,0.0,27.5,27.5,0,0,0,0.0,0.0,0.0,8.52,3,4,3,13,0,1,942.78,
11752,1,6,1,132.91,0.0,132.91,34,1,0,0.2558,90.2,35.46,0,0,0,13.22,11.31,0.0,9.14,0,4,87,4,0,1,971.17,0.0
11752,2,6,0,235.12,102.21,99.15,87,4,0,0.8774,34.54,14.54,0,0,0,0.0,44.69,2.67,6.47,3,4,7,0,0,1,971.17,0.0
11752,3,6,0,298.39,63.27,60.33,7,0,0,0.116,55.16,32.14,0,0,0,0.0,2.92,0.0,1.61,3,4,63,0,0,1,971.17,0.0
11752,4,6,0,351.23,52.84,50.49,63,0,0,1.2477,31.62,12.29,0,0,0,0.0,14.98,0.0,5.28,3,4,0,0,0,1,971.17,1.0
11752,5,6,0,382.01,30.79,28.13,0,0,0,0.0,23.98,23.98,0,0,0,0.0,0.0,0.0,3.72,3,4,88,1,1,1,971.17,0.0
11752,6,6,0,462.86,80.85,76.6,88,1,1,1.1489,31.54,16.08,1,0,0,0.0,32.98,0.0,12.07,3,4,6,13,0,1,971.17,
11753,1,5,1,88.87,0.0,88.87,5,0,0,0.0563,62.13,21.93,0,0,0,0.0,0.0,0.0,39.46,0,0,0,0,0,0,941.14,1.0
11753,2,5,0,109.29,20.41,18.63,0,0,0,0.0,15.05,15.05,0,0,0,0.0,0.0,0.0,2.55,0,0,0,0,0,0,941.14,1.0
11753,3,5,0,133.31,24.03,21.36,0,0,0,0.0,5.69,5.69,0,0,0,0.0,0.0,0.0,13.89,0,0,0,0,0,0,941.14,1.0
11753,4,5,0,385.56,252.25,249.75,0,0,0,0.0,225.77,133.01,0,0,0,0.0,0.0,0.0,44.17,0,0,54,0,0,0,941.14,0.0
11753,5,5,0,827.29,441.73,439.9,54,0,0,0.1228,402.05,261.14,0,0,0,40.53,0.0,0.0,3.0,0,0,0,0,0,0,941.14,
11754,1,12,1,211.95,0.0,211.95,17,0,0,0.0802,181.88,46.71,0,0,0,81.01,0.0,0.0,17.92,0,0,0,0,0,1,941.08,1.0
11754,2,12,0,227.55,15.6,13.54,0,0,0,0.0,11.87,11.87,0,0,0,0.0,0.0,0.0,0.95,0,0,6,0,0,1,941.08,0.0
11754,3,12,0,287.76,60.21,57.99,6,0,0,0.1035,52.18,25.04,0,0,0,7.36,0.0,0.0,1.15,0,0,0,0,0,1,941.08,1.0
11754,4,12,0,309.55,21.79,19.45,0,0,0,0.0,12.79,8.5,0,0,0,0.0,0.0,0.0,4.65,0,0,35,0,0,1,941.08,0.0
11754,5,12,0,356.01,46.46,44.11,35,0,0,0.7934,27.48,9.39,0,0,0,16.08,0.0,0.0,4.17,0,0,0,0,0,1,941.08,1.0
11754,6,12,0,373.59,17.59,14.23,0,0,0,0.0,13.72,10.31,0,0,0,0.0,0.0,0.0,0.51,0,0,12,0,0,1,941.08,0.0
11754,7,12,0,444.25,70.65,64.87,11,0,0,0.1696,43.23,27.76,0,0,0,9.86,0.0,0.0,5.31,0,0,5,0,0,1,941.08,0.0
11754,8,12,0,463.53,19.28,16.57,5,0,0,0.3018,11.81,7.54,0,0,0,1.24,0.0,0.0,1.58,0,0,29,1,1,1,941.08,0.0
11754,9,12,0,507.38,43.85,40.25,28,1,1,0.6957,22.62,7.54,1,1,0,3.96,10.95,0.0,2.53,0,0,29,1,1,1,941.08,0.0
11754,10,12,0,577.28,69.9,66.53,29,1,1,0.4359,44.69,24.62,1,0,0,0.0,19.43,0.0,1.57,0,0,9,0,0,1,941.08,0.0
11754,11,12,0,661.23,83.95,79.01,9,0,0,0.1139,72.25,62.17,0,0,0,0.0,1.45,0.0,2.7,0,0,0,0,0,1,941.08,1.0
11754,12,12,0,700.34,39.11,35.15,0,0,0,0.0,29.06,29.06,0,0,0,0.0,0.0,0.0,5.53,0,0,6,13,0,1,941.08,
11755,1,1,1,90.22,0.0,10.78,0,0,0,0.0,8.82,8.82,0,0,0,0.0,0.0,0.0,1.41,0,0,146,18,2,1,1041.71,
11756,1,4,1,100.52,0.0,100.52,1,0,0,0.0099,72.54,36.53,0,0,0,13.34,0.0,0.0,25.15,0,0,0,0,0,1,974.94,1.0
11756,2,4,0,116.44,15.92,14.42,0,0,0,0.0,11.47,11.47,0,0,0,0.0,0.0,0.0,2.49,0,0,0,0,0,1,974.94,1.0
11756,3,4,0,128.69,12.25,10.84,0,0,0,0.0,6.37,6.37,0,0,0,0.0,0.0,0.0,3.95,0,0,265,30,2,1,974.94,0.0
11756,4,4,0,603.74,475.05,473.83,265,30,2,0.5593,340.71,63.68,1,2,0,31.08,201.61,22.28,16.55,4,4,0,0,0,1,974.94,
11757,1,8,1,132.6,0.0,132.6,30,0,0,0.2262,99.66,19.55,0,0,0,32.53,0.0,0.0,9.83,0,0,7,0,0,1,929.68,0.0
11757,2,8,0,161.42,28.83,27.08,7,0,0,0.2585,6.87,6.87,0,0,0,12.03,0.0,0.0,7.68,0,0,0,0,0,1,929.68,1.0
11757,3,8,0,175.41,13.99,11.88,0,0,0,0.0,6.88,6.88,0,0,0,0.0,0.0,0.0,2.54,0,0,52,1,1,1,929.68,0.0
11757,4,8,0,221.94,46.53,44.37,52,1,1,1.1719,23.9,15.5,1,0,0,17.86,0.0,0.0,1.66,0,0,58,16,13,1,929.68,0.0
11757,5,8,0,284.19,62.26,59.83,58,16,13,0.9693,36.93,9.78,1,1,0,0.0,8.61,11.19,3.84,0,0,0,0,0,1,929.68,1.0
11757,6,8,0,313.93,29.73,27.31,0,0,0,0.0,19.86,19.86,0,0,0,0.0,0.0,0.0,6.68,0,0,29,10,10,1,929.68,0.0
11757,7,8,0,376.77,62.85,59.54,29,10,10,0.4871,28.87,19.22,1,0,0,0.0,20.92,2.48,4.87,0,0,150,20,0,1,929.68,0.0
11757,8,8,0,618.19,241.42,235.42,150,20,0,0.6371,142.24,93.5,0,0,0,0.0,82.5,1.62,9.9,4,4,0,0,0,1,929.68,
11758,1,3,1,83.96,0.0,83.96,0,0,0,0.0,56.9,20.58,0,0,0,0.0,0.0,0.0,37.83,0,0,79,2,1,1,965.27,0.0
11758,2,3,0,215.39,131.42,128.02,79,2,1,0.6171,59.63,8.46,1,1,0,35.33,3.53,0.0,33.78,2,4,91,15,1,1,965.27,0.0
11758,3,3,0,485.23,269.84,268.01,91,15,1,0.3395,195.44,48.25,1,1,0,0.0,52.44,0.0,6.15,4,4,0,0,0,1,965.27,
11760,1,13,1,201.32,0.0,201.32,84,1,0,0.4173,144.21,32.19,0,0,0,80.15,0.0,0.0,6.83,0,4,4,1,1,0,1079.78,0.0
11760,2,13,0,238.02,36.71,35.48,4,1,1,0.1127,8.91,8.91,1,0,0,0.0,2.54,2.5,18.56,0,4,4,0,0,0,1079.78,0.0
11760,3,13,0,269.29,31.26,29.88,4,0,0,0.1338,18.32,13.91,0,0,0,0.0,0.52,0.0,6.63,0,4,8,1,1,0,1079.78,0.0
11760,4,13,0,298.9,29.62,27.78,8,1,1,0.288,16.12,16.12,1,0,0,0.0,9.9,0.0,1.63,0,4,54,1,1,0,1079.78,0.0
11760,5,13,0,385.06,86.15,84.13,54,1,1,0.6419,56.82,18.01,1,0,0,0.0,14.27,1.95,22.5,0,4,6,1,1,0,1079.78,0.0
11760,6,13,0,425.46,40.4,38.43,6,1,1,0.1561,23.79,16.92,1,0,0,0.0,4.73,0.0,6.71,0,4,78,4,3,0,1079.78,0.0
11760,7,13,0,551.01,125.55,123.02,78,4,3,0.634,71.25,18.12,1,1,0,0.0,71.15,3.54,6.67,2,4,63,3,2,0,1079.78,0.0
11760,8,13,0,659.42,108.41,106.29,63,3,2,0.5927,59.57,20.93,1,1,0,0.0,46.89,0.0,2.27,3,4,0,0,0,0,1079.78,1.0
11760,9,13,0,679.27,19.85,17.19,0,0,0,0.0,15.3,15.3,0,0,0,0.0,0.0,0.0,1.65,3,4,6,2,1,0,1079.78,0.0
11760,10,13,0,775.63,96.36,94.5,6,2,1,0.0635,85.27,27.92,1,0,0,0.0,2.53,0.0,1.65,3,4,0,0,0,0,1079.78,1.0
11760,11,13,0,802.45,26.82,23.39,0,0,0,0.0,18.44,18.44,0,0,0,0.0,0.0,0.0,4.61,3,4,40,0,0,0,1079.78,0.0
11760,12,13,0,834.78,32.33,28.89,40,0,0,1.3844,16.59,9.21,0,0,0,0.0,7.22,0.0,3.39,3,4,10,0,0,0,1079.78,0.0
11760,13,13,0,888.84,54.06,50.54,10,0,0,0.1979,38.23,20.71,0,0,0,0.0,9.11,0.0,6.08,3,4,0,0,0,0,1079.78,
11762,1,10,1,153.1,0.0,153.1,49,0,0,0.32,99.62,16.44,0,0,0,28.56,0.0,0.0,23.54,0,0,0,0,0,0,942.14,1.0
11762,2,10,0,180.96,27.86,26.2,0,0,0,0.0,21.89,17.08,0,0,0,0.0,0.0,0.0,4.32,0,0,5,5,1,0,942.14,0.0
11762,3,10,0,249.74,68.78,67.02,5,5,1,0.0746,49.42,11.02,1,1,0,0.0,4.5,0.0,8.29,3,4,0,0,0,0,942.14,1.0
11762,4,10,0,272.55,22.8,20.61,0,0,0,0.0,19.37,15.98,0,0,0,0.0,0.0,0.0,1.23,3,4,0,0,0,0,942.14,1.0
11762,5,10,0,310.12,37.58,35.02,0,0,0,0.0,15.95,15.95,0,0,0,0.0,0.0,0.0,15.26,3,4,0,0,0,0,942.14,1.0
11762,6,10,0,333.53,23.4,16.97,0,0,0,0.0,9.53,9.53,0,0,0,0.0,0.0,0.0,5.87,3,4,0,0,0,0,942.14,1.0
11762,7,10,0,351.68,18.15,15.57,0,0,0,0.0,10.7,10.7,0,0,0,0.0,0.0,0.0,3.64,3,4,10,0,0,0,942.14,0.0
11762,8,10,0,410.54,58.86,56.3,10,0,0,0.1776,41.73,22.94,0,0,0,0.0,9.31,0.0,7.45,3,4,227,2,2,0,942.14,0.0
11762,9,10,0,688.72,278.18,273.87,227,1,1,0.8289,167.88,63.46,1,1,0,0.0,118.93,0.0,7.49,3,4,0,0,0,0,942.14,1.0
11762,10,10,0,728.7,39.98,36.96,0,0,0,0.0,31.54,31.54,0,0,0,0.0,0.0,0.0,2.57,3,4,13,80,8,0,942.14,
11767,1,6,1,272.64,0.0,272.64,187,16,3,0.6859,168.42,26.79,1,3,0,0.0,110.12,1.95,8.38,3,4,0,0,0,1,975.31,1.0
11767,2,6,0,303.29,30.65,29.68,0,0,0,0.0,23.37,23.37,0,0,0,0.0,0.0,0.0,5.82,3,4,0,0,0,1,975.31,1.0
11767,3,6,0,484.94,181.65,179.82,0,0,0,0.0,178.37,81.57,0,0,0,0.0,0.0,0.0,1.46,3,4,0,0,0,1,975.31,1.0
11767,4,6,0,501.22,16.28,14.39,0,0,0,0.0,10.78,10.78,0,0,0,0.0,0.0,0.0,3.29,3,4,14,0,0,1,975.31,0.0
11767,5,6,0,519.36,18.14,16.27,14,0,0,0.8604,6.66,6.66,0,0,0,0.0,2.52,0.0,2.23,3,4,26,13,0,1,975.31,0.0
11767,6,6,0,637.25,117.89,115.62,26,13,0,0.2249,91.52,56.32,0,0,0,0.0,12.99,0.0,4.15,4,4,0,0,0,1,975.31,
11770,1,2,1,80.97,0.0,80.97,45,1,1,0.5558,50.31,17.75,1,0,0,23.65,0.0,2.13,3.97,0,0,2,1,0,1,1803.6,0.0
11770,2,2,0,107.15,26.18,21.71,2,1,0,0.0921,5.4,5.4,0,0,0,0.0,2.23,2.75,10.77,0,4,362,36,1,1,1803.6,
11772,1,3,1,407.03,0.0,407.03,268,18,5,0.6584,304.44,90.74,1,5,0,0.0,135.58,0.0,1.81,4,4,3,0,0,1,1077.76,0.0
11772,2,3,0,437.91,30.88,28.78,3,0,0,0.1042,11.78,6.56,0,0,0,3.69,0.0,0.0,10.84,4,4,0,0,0,1,1077.76,1.0
11772,3,3,0,464.64,26.73,25.11,0,0,0,0.0,7.36,7.36,0,0,0,0.0,0.0,0.0,14.79,4,4,1,0,0,1,1077.76,
11773,1,3,1,186.98,0.0,186.98,99,0,0,0.5295,113.64,31.4,0,0,0,82.22,0.0,0.0,2.12,0,0,0,0,0,1,2069.29,1.0
11773,2,3,0,229.6,42.61,40.59,0,0,0,0.0,21.57,9.18,0,0,0,0.0,0.0,0.0,18.38,0,0,0,0,0,1,2069.29,1.0
11773,3,3,0,260.24,30.64,28.74,0,0,0,0.0,17.85,7.74,0,0,0,0.0,0.0,0.0,15.78,0,0,182,50,2,1,2069.29,
11778,1,2,1,154.35,0.0,154.35,24,2,1,0.1555,123.15,27.76,1,1,0,0.0,23.07,0.0,1.34,3,4,84,15,2,1,925.41,0.0
11778,2,2,0,478.25,323.91,321.29,84,15,2,0.2614,244.0,160.8,1,2,0,0.0,68.44,0.0,4.61,4,4,0,0,0,1,925.41,
11779,1,2,1,189.36,0.0,189.36,11,2,2,0.0581,161.86,55.67,1,1,0,4.22,4.36,0.0,14.01,0,0,38,2,1,0,958.4,0.0
11779,2,2,0,265.81,76.45,74.49,38,2,1,0.5101,29.14,10.22,1,0,0,0.0,33.43,0.0,6.92,3,4,131,22,2,0,958.4,
11780,1,3,1,103.78,0.0,103.78,24,2,2,0.2312,77.22,28.5,1,2,0,0.0,11.66,4.59,4.85,0,0,26,1,0,1,942.3,0.0
11780,2,3,0,228.77,124.99,122.97,26,1,0,0.2114,111.23,29.39,0,0,0,0.0,5.39,0.0,1.78,3,4,0,0,0,1,942.3,1.0
11780,3,3,0,238.74,9.97,8.31,0,0,0,0.0,5.39,5.39,0,0,0,0.0,0.0,0.0,2.43,3,4,144,27,1,1,942.3,
11781,1,11,1,118.37,0.0,118.37,17,1,0,0.1436,97.25,44.55,0,0,0,10.07,0.0,0.0,3.64,3,4,0,0,0,1,627.33,1.0
11781,2,11,0,136.49,18.12,15.98,0,0,0,0.0,14.43,8.38,0,0,0,0.0,0.0,0.0,1.54,3,4,0,0,0,1,627.33,1.0
11781,3,11,0,174.57,38.08,35.93,0,0,0,0.0,27.1,15.13,0,0,0,0.0,0.0,0.0,8.83,3,4,1,0,0,1,627.33,0.0
11781,4,11,0,213.46,38.89,37.15,1,0,0,0.0269,22.6,10.81,0,0,0,0.0,9.72,0.0,13.35,3,4,32,2,2,1,627.33,0.0
11781,5,11,0,277.37,63.91,62.12,32,2,2,0.5152,37.59,19.27,1,1,0,0.0,14.74,0.0,6.0,3,4,12,0,0,1,627.33,0.0
11781,6,11,0,342.05,64.68,63.02,12,0,0,0.1904,56.56,14.89,0,0,0,0.0,1.39,0.0,1.23,3,4,0,0,0,1,627.33,1.0
11781,7,11,0,359.14,17.09,14.03,0,0,0,0.0,11.75,11.75,0,0,0,0.0,0.0,0.0,1.93,3,4,15,1,1,1,627.33,0.0
11781,8,11,0,408.2,49.07,47.45,15,1,1,0.3161,32.34,20.7,1,0,0,0.0,4.49,0.0,6.46,3,4,0,0,0,1,627.33,1.0
11781,9,11,0,432.48,24.27,21.45,0,0,0,0.0,18.81,18.81,0,0,0,0.0,0.0,0.0,2.15,3,4,29,14,1,1,627.33,0.0
11781,10,11,0,483.75,51.27,49.17,29,14,1,0.5899,32.29,23.92,1,1,0,0.0,13.28,2.21,4.21,3,4,12,37,0,1,627.33,0.0
11781,11,11,0,570.72,86.98,82.69,12,37,0,0.1451,60.85,16.92,0,0,0,0.0,19.53,0.0,2.73,3,4,2,13,0,1,627.33,
11786,1,2,1,124.84,0.0,124.84,17,0,0,0.1362,104.23,42.0,0,0,0,7.37,0.0,0.0,8.17,0,0,0,0,0,1,542.42,1.0
11786,2,2,0,142.92,18.08,15.56,0,0,0,0.0,13.52,13.52,0,0,0,0.0,0.0,0.0,1.18,0,0,154,17,4,1,542.42,
11787,1,10,1,70.55,0.0,70.55,0,0,0,0.0,60.93,25.96,0,0,0,0.0,0.0,0.0,4.99,0,0,92,3,2,1,930.02,0.0
11787,2,10,0,198.36,127.81,126.05,92,3,2,0.7299,67.02,10.37,1,2,0,19.49,29.45,0.0,11.57,2,4,39,3,1,1,930.02,0.0
11787,3,10,0,269.5,71.14,69.5,39,3,1,0.5611,34.84,10.52,1,1,0,0.0,34.41,3.81,4.49,2,4,0,0,0,1,930.02,1.0
11787,4,10,0,314.86,45.37,44.21,0,0,0,0.0,28.61,15.72,0,0,0,0.0,0.0,0.0,12.69,2,4,58,3,0,1,930.02,0.0
11787,5,10,0,398.98,84.11,82.44,58,3,0,0.7035,46.74,15.06,0,0,0,0.0,22.05,0.0,12.02,3,4,88,6,2,1,930.02,0.0
11787,6,10,0,496.17,97.19,94.65,88,6,2,0.9298,43.22,11.99,1,2,0,0.0,33.4,2.09,9.83,3,4,99,19,2,1,930.02,0.0
11787,7,10,0,612.47,116.31,110.56,99,19,2,0.8955,58.36,20.37,1,2,0,0.0,44.82,0.0,7.78,3,4,82,14,1,1,930.02,0.0
11787,8,10,0,690.17,77.7,75.56,82,14,1,1.0853,40.53,15.13,1,1,0,0.0,16.75,0.0,12.06,3,4,2,0,0,1,930.02,0.0
11787,9,10,0,710.41,20.23,17.76,2,0,0,0.1126,10.57,6.18,0,0,0,0.0,6.0,0.0,4.87,3,4,9,13,0,1,930.02,0.0
11787,10,10,0,748.71,38.3,36.19,9,13,0,0.2487,14.96,7.86,0,0,0,0.0,4.29,0.0,14.26,3,4,5,13,0,1,930.02,
11788,1,3,1,53.96,0.0,53.96,0,0,0,0.0,39.45,13.61,0,0,0,0.0,0.0,0.0,1.24,0,0,10,0,0,1,930.41,0.0
11788,2,3,0,121.49,67.53,66.09,10,0,0,0.1513,48.72,13.38,0,0,0,19.61,0.0,0.0,1.55,0,0,121,13,0,1,930.41,0.0
11788,3,3,0,262.18,140.69,139.08,121,13,0,0.87,43.62,10.18,0,0,0,79.22,0.0,0.0,6.55,4,4,2,13,0,1,930.41,
11790,1,4,1,256.63,0.0,256.63,127,5,0,0.4949,162.89,28.98,0,0,0,28.7,64.26,5.01,4.23,3,4,0,0,0,1,896.41,1.0
11790,2,4,0,309.69,53.06,50.98,0,0,0,0.0,41.29,16.28,0,0,0,0.0,0.0,0.0,20.0,3,4,0,0,0,1,896.41,1.0
11790,3,4,0,352.66,42.98,40.64,0,0,0,0.0,23.71,15.71,0,0,0,0.0,0.0,0.0,16.92,3,4,22,0,0,1,896.41,0.0
11790,4,4,0,397.05,44.38,42.05,22,0,0,0.5232,26.57,15.59,0,0,0,0.0,8.5,0.0,8.68,3,4,88,13,0,1,896.41,
11791,1,3,1,307.25,0.0,307.25,132,3,2,0.4296,233.17,42.49,1,2,0,24.12,64.37,2.7,5.18,0,4,232,9,4,0,1949.13,0.0
11791,2,3,0,655.47,348.22,345.82,232,9,4,0.6709,196.3,44.83,1,4,0,0.0,151.35,0.0,8.44,2,4,135,5,1,0,1949.13,0.0
11791,3,3,0,803.8,148.33,146.12,135,5,1,0.9239,72.1,18.61,1,1,0,0.0,55.19,0.0,11.17,2,4,58,1,1,0,1949.13,
11792,1,7,1,125.46,0.0,125.46,2,0,0,0.0159,110.76,36.2,0,0,0,45.56,0.0,0.0,1.02,0,0,16,0,0,1,938.34,0.0
11792,2,7,0,186.83,61.37,59.97,16,0,0,0.2668,35.67,18.67,0,0,0,34.03,0.0,0.0,0.49,0,0,32,4,1,1,938.34,0.0
11792,3,7,0,253.95,67.12,65.66,32,4,1,0.4874,36.01,14.02,1,0,0,2.71,15.24,0.0,4.01,3,4,38,0,0,1,938.34,0.0
11792,4,7,0,347.36,93.4,91.61,38,0,0,0.4148,75.66,23.19,0,0,0,0.0,15.38,0.0,0.89,3,4,0,0,0,1,938.34,1.0
11792,5,7,0,376.6,29.24,27.19,0,0,0,0.0,19.44,19.44,0,0,0,0.0,0.0,0.0,7.75,3,4,26,6,1,1,938.34,0.0
11792,6,7,0,478.76,102.16,99.8,26,6,1,0.2605,60.03,20.88,1,1,0,0.0,37.24,0.0,18.79,3,4,1,0,0,1,938.34,0.0
11792,7,7,0,515.09,36.33,34.45,1,0,0,0.029,25.54,12.11,0,0,0,0.0,6.29,0.0,6.34,3,4,46,13,0,1,938.34,
11794,1,6,1,191.28,0.0,191.28,15,1,1,0.0784,156.84,60.71,1,1,0,1.34,4.38,0.0,34.26,0,0,1,1,1,0,965.34,0.0
11794,2,6,0,217.87,26.59,22.66,1,1,1,0.0441,14.2,5.22,1,0,0,0.0,4.23,0.0,0.94,0,0,25,0,0,0,965.34,0.0
11794,3,6,0,406.77,188.9,186.6,25,0,0,0.134,136.29,45.96,0,0,0,0.0,17.72,0.0,51.15,0,0,12,0,0,0,965.34,0.0
11794,4,6,0,478.55,71.79,69.31,12,0,0,0.1731,52.92,30.34,0,0,0,0.0,8.53,0.0,6.95,0,0,77,0,0,0,965.34,0.0
11794,5,6,0,719.51,240.96,238.06,77,0,0,0.3234,194.41,56.54,0,0,0,0.0,51.6,0.0,6.99,0,0,0,0,0,0,965.34,1.0
11794,6,6,0,770.78,51.27,48.39,0,0,0,0.0,23.57,23.57,0,0,0,0.0,0.0,0.0,23.1,0,0,34,2,2,0,965.34,
11795,1,3,1,125.73,0.0,125.73,33,0,0,0.2625,85.64,12.61,0,0,0,25.21,0.0,0.0,11.77,0,0,0,1,0,1,970.02,0.0
11795,2,3,0,160.27,34.54,30.92,0,1,0,0.0,18.09,18.09,0,0,0,0.0,0.0,0.0,7.02,2,4,93,11,0,1,970.02,0.0
11795,3,3,0,436.03,275.76,274.29,93,11,0,0.3391,198.74,49.9,0,0,0,0.0,60.04,1.85,3.98,3,4,102,13,0,1,970.02,
11796,1,4,1,133.83,0.0,133.83,121,3,3,0.9041,59.89,11.5,1,3,0,0.0,63.98,0.0,7.98,0,0,56,11,1,1,879.16,0.0
11796,2,4,0,232.99,99.16,96.92,56,11,1,0.5778,22.68,4.8,1,1,0,0.0,52.76,0.0,10.33,3,4,24,14,6,1,879.16,0.0
11796,3,4,0,308.8,75.81,74.47,24,14,6,0.3223,47.56,13.03,1,6,0,0.0,26.32,3.04,1.78,3,4,6,25,0,1,879.16,0.0
11796,4,4,0,352.5,43.7,41.01,6,25,0,0.1463,24.63,15.41,0,0,0,0.0,7.43,0.0,4.85,3,4,54,80,0,1,879.16,
11798,1,10,1,167.71,0.0,167.71,14,1,1,0.0835,143.14,53.02,1,1,0,0.0,22.66,0.0,2.82,0,0,38,0,0,0,971.37,0.0
11798,2,10,0,229.74,62.03,60.83,38,0,0,0.6247,35.93,12.19,0,0,0,0.0,29.11,0.0,2.41,0,0,0,0,0,0,971.37,1.0
11798,3,10,0,247.83,18.09,16.66,0,0,0,0.0,11.6,11.6,0,0,0,0.0,0.0,0.0,3.46,0,0,12,0,0,0,971.37,0.0
11798,4,10,0,271.97,24.14,21.35,12,0,0,0.5622,11.7,11.7,0,0,0,0.0,4.37,0.0,4.94,0,0,8,0,0,0,971.37,0.0
11798,5,10,0,298.71,26.74,25.04,8,0,0,0.3195,15.67,15.67,0,0,0,0.0,5.9,0.0,2.83,0,0,8,0,0,0,971.37,0.0
11798,6,10,0,346.92,48.21,46.23,8,0,0,0.1731,34.47,30.46,0,0,0,0.0,10.27,0.0,1.49,0,0,44,2,1,0,971.37,0.0
11798,7,10,0,485.61,138.69,136.58,44,2,1,0.3222,83.34,22.12,1,1,0,0.0,29.42,2.02,11.89,3,4,117,1,1,0,971.37,0.0
11798,8,10,0,668.23,182.62,180.94,117,1,1,0.6466,116.35,42.82,1,0,0,0.0,52.17,2.89,7.41,3,4,2,1,1,0,971.37,0.0
11798,9,10,0,708.18,39.95,38.23,2,1,1,0.0523,34.29,27.19,1,0,0,0.0,2.98,0.0,0.49,3,4,0,0,0,0,971.37,1.0
11798,10,10,0,745.87,37.7,35.84,0,0,0,0.0,31.25,31.25,0,0,0,0.0,0.0,0.0,4.35,3,4,69,16,3,0,971.37,
11799,1,3,1,269.09,0.0,269.09,166,8,3,0.6169,187.05,37.35,1,3,0,115.71,3.59,4.38,1.47,1,4,0,10,0,1,904.81,0.0
11799,2,3,0,297.25,28.16,26.38,0,10,0,0.0,21.43,21.43,0,0,0,0.0,0.0,3.01,1.95,1,4,34,5,0,1,904.81,0.0
11799,3,3,0,396.89,99.63,96.1,34,5,0,0.3538,70.43,40.43,0,0,0,0.0,21.56,0.0,6.2,3,4,83,83,0,1,904.81,
11800,1,6,1,72.82,0.0,72.82,0,0,0,0.0,56.8,21.84,0,0,0,0.0,0.0,0.0,4.5,0,0,11,0,0,1,906.98,0.0
11800,2,6,0,110.28,37.45,35.96,11,0,0,0.3059,20.77,13.58,0,0,0,9.21,0.0,0.0,4.67,0,0,61,0,0,1,906.98,0.0
11800,3,6,0,321.46,211.18,208.13,61,0,0,0.2931,165.0,62.03,0,0,0,48.14,0.0,0.0,2.58,0,0,0,0,0,1,906.98,1.0
11800,4,6,0,344.95,23.49,21.8,0,0,0,0.0,10.21,6.7,0,0,0,0.0,0.0,0.0,14.34,0,0,11,0,0,1,906.98,0.0
11800,5,6,0,396.63,51.69,50.14,11,0,0,0.2194,22.98,10.35,0,0,0,5.33,0.0,0.0,19.67,0,0,0,0,0,1,906.98,1.0
11800,6,6,0,420.46,23.83,22.15,0,0,0,0.0,17.14,17.14,0,0,0,0.0,0.0,0.0,3.95,0,0,57,15,2,1,906.98,
11802,1,2,1,269.89,0.0,269.89,150,14,1,0.5558,135.75,25.05,1,1,0,0.0,89.34,0.0,8.54,4,4,0,0,0,1,880.87,1.0
11802,2,2,0,286.96,17.07,15.32,0,0,0,0.0,7.58,7.58,0,0,0,0.0,0.0,0.0,6.98,4,4,1,0,0,1,880.87,
11805,1,7,1,133.07,0.0,133.07,45,4,2,0.3382,85.58,23.59,1,1,0,13.41,25.98,0.0,5.35,2,4,22,4,2,1,934.26,0.0
11805,2,7,0,202.44,69.37,67.81,22,4,2,0.3245,34.46,13.1,1,2,0,0.0,13.81,5.98,9.7,2,4,0,0,0,1,934.26,1.0
11805,3,7,0,222.35,19.9,17.9,0,0,0,0.0,10.85,10.85,0,0,0,0.0,0.0,0.0,3.74,2,4,0,0,0,1,934.26,1.0
11805,4,7,0,237.87,15.52,13.88,0,0,0,0.0,9.24,9.24,0,0,0,0.0,0.0,0.0,3.9,2,4,0,0,0,1,934.26,1.0
11805,5,7,0,257.29,19.42,16.44,0,0,0,0.0,13.47,13.47,0,0,0,0.0,0.0,0.0,2.19,2,4,16,15,2,1,934.26,0.0
11805,6,7,0,354.2,96.9,95.01,16,15,2,0.1684,75.15,32.45,1,2,0,0.0,10.48,0.0,2.17,4,4,0,26,0,1,934.26,0.0
11805,7,7,0,542.24,188.04,185.7,0,26,0,0.0,175.42,71.18,0,0,0,0.0,0.0,0.0,5.85,4,4,0,0,0,1,934.26,
11806,1,2,1,62.1,0.0,62.1,0,0,0,0.0,52.32,23.69,0,0,0,0.0,0.0,0.0,2.66,0,0,246,21,8,1,768.11,0.0
11806,2,2,0,420.91,358.81,357.15,246,21,8,0.6888,241.46,78.34,1,8,0,86.98,13.99,0.0,1.55,4,4,0,0,0,1,768.11,
11808,1,2,1,60.04,0.0,60.04,0,1,1,0.0,47.44,12.65,1,0,0,0.0,0.0,0.0,12.32,0,0,0,0,0,1,868.23,1.0
11808,2,2,0,96.48,36.44,34.25,0,0,0,0.0,28.19,28.19,0,0,0,0.0,0.0,0.0,6.06,0,0,330,65,12,1,868.23,
11810,1,10,1,104.01,0.0,104.01,36,2,0,0.3461,49.53,23.29,0,0,0,8.69,13.24,0.0,19.77,1,4,0,0,0,1,1782.6,1.0
11810,2,10,0,128.76,24.74,22.58,0,0,0,0.0,17.97,17.97,0,0,0,0.0,0.0,0.0,4.24,1,4,0,0,0,1,1782.6,1.0
11810,3,10,0,156.74,27.99,26.79,0,0,0,0.0,8.17,4.36,0,0,0,0.0,0.0,0.0,16.15,1,4,0,0,0,1,1782.6,1.0
11810,4,10,0,164.53,7.79,5.98,0,0,0,0.0,3.6,3.6,0,0,0,0.0,0.0,0.0,1.92,1,4,0,0,0,1,1782.6,1.0
11810,5,10,0,179.3,14.77,13.22,0,0,0,0.0,11.8,7.06,0,0,0,0.0,0.0,0.0,1.42,1,4,24,1,1,1,1782.6,0.0
11810,6,10,0,225.71,46.41,39.85,24,1,1,0.6022,19.76,9.26,1,0,0,0.0,13.41,0.0,2.45,1,4,105,9,1,1,1782.6,0.0
11810,7,10,0,375.5,149.8,147.57,105,9,1,0.7115,78.23,17.22,1,1,0,0.0,73.63,0.0,12.75,3,4,0,0,0,1,1782.6,1.0
11810,8,10,0,393.15,17.65,15.51,0,0,0,0.0,8.55,8.55,0,0,0,0.0,0.0,0.0,1.49,3,4,48,1,1,1,1782.6,0.0
11810,9,10,0,457.7,64.54,62.66,48,1,1,0.7661,27.22,7.93,1,0,0,0.0,37.12,0.0,2.44,3,4,0,0,0,1,1782.6,1.0
11810,10,10,0,469.59,11.89,9.82,0,0,0,0.0,6.91,6.91,0,0,0,0.0,0.0,0.0,2.3,3,4,72,39,0,1,1782.6,
11812,1,10,1,141.51,0.0,141.51,0,0,0,0.0,119.87,66.48,0,0,0,0.0,0.0,0.0,11.89,0,0,2,0,0,1,879.38,0.0
11812,2,10,0,201.02,59.52,58.2,2,0,0,0.0344,54.35,36.65,0,0,0,0.0,0.0,0.0,0.78,0,0,45,0,0,1,879.38,0.0
11812,3,10,0,256.87,55.85,54.78,45,0,0,0.8215,20.92,8.95,0,0,0,26.14,0.0,0.0,0.5,0,0,28,0,0,1,879.38,0.0
11812,4,10,0,367.81,110.94,109.2,28,0,0,0.2564,83.0,38.24,0,0,0,9.24,0.0,0.0,1.64,0,0,0,0,0,1,879.38,1.0
11812,5,10,0,400.0,32.19,28.13,0,0,0,0.0,18.34,6.53,0,0,0,0.0,0.0,0.0,5.47,0,0,4,1,0,1,879.38,0.0
11812,6,10,0,465.77,65.77,64.31,4,1,0,0.0622,48.48,27.14,0,0,0,0.0,0.33,0.0,13.07,3,4,74,1,1,1,879.38,0.0
11812,7,10,0,514.66,48.89,47.46,74,1,1,1.5592,15.08,7.54,1,1,0,0.0,27.86,0.0,2.54,3,4,11,0,0,1,879.38,0.0
11812,8,10,0,558.18,43.52,41.88,11,0,0,0.2627,30.91,18.88,0,0,0,0.0,3.3,0.0,6.46,3,4,33,0,0,1,879.38,0.0
11812,9,10,0,585.38,27.2,25.3,33,0,0,1.3046,11.81,11.81,0,0,0,0.0,11.87,0.0,0.73,3,4,10,0,0,1,879.38,0.0
11812,10,10,0,605.41,20.03,17.97,10,0,0,0.5563,10.5,10.5,0,0,0,0.0,4.45,0.0,1.45,3,4,14,13,0,1,879.38,
11815,1,9,1,155.47,0.0,155.47,47,0,0,0.3023,114.33,47.61,0,0,0,17.46,0.0,0.0,8.27,0,0,0,0,0,0,835.09,1.0
11815,2,9,0,179.49,24.02,21.88,0,0,0,0.0,17.69,9.13,0,0,0,0.0,0.0,0.0,3.71,0,0,18,1,1,0,835.09,0.0
11815,3,9,0,370.17,190.68,187.69,18,1,1,0.0959,171.82,114.45,1,1,0,7.06,0.0,0.0,0.64,0,0,6,0,0,0,835.09,0.0
11815,4,9,0,454.42,84.26,82.77,6,0,0,0.0725,65.2,19.21,0,0,0,0.0,22.39,0.0,3.73,0,0,0,0,0,0,835.09,1.0
11815,5,9,0,479.26,24.84,22.25,0,0,0,0.0,9.26,9.26,0,0,0,0.0,0.0,0.0,11.86,0,0,3,1,1,0,835.09,0.0
11815,6,9,0,515.39,36.13,32.67,3,1,1,0.0918,21.58,10.85,1,1,0,0.0,1.74,0.0,1.45,0,0,33,0,0,0,835.09,0.0
11815,7,9,0,588.45,73.07,70.71,33,0,0,0.4667,50.5,13.32,0,0,0,0.0,23.35,0.0,0.88,0,0,34,2,2,0,835.09,0.0
11815,8,9,0,627.75,39.3,37.4,34,1,1,0.9092,14.47,10.81,1,1,0,0.0,23.11,0.0,1.18,0,0,42,3,3,0,835.09,0.0
11815,9,9,0,704.54,76.78,74.74,42,3,3,0.5619,43.38,15.93,1,3,0,0.0,17.93,4.56,0.46,0,0,48,2,0,0,835.09,
11817,1,2,1,53.36,0.0,53.36,0,0,0,0.0,38.87,18.49,0,0,0,0.0,0.0,0.0,2.9,0,0,146,2,1,1,844.12,0.0
11817,2,2,0,457.17,403.81,401.56,146,2,1,0.3636,271.59,63.57,1,0,0,33.41,48.46,0.0,5.39,3,4,1,13,0,1,844.12,
11818,1,8,1,160.09,0.0,160.09,117,1,0,0.7308,52.95,11.03,0,0,0,7.14,26.53,0.0,42.65,3,4,0,0,0,1,840.54,1.0
11818,2,8,0,187.51,27.42,26.13,0,0,0,0.0,14.54,9.35,0,0,0,0.0,0.0,0.0,10.95,3,4,0,0,0,1,840.54,1.0
11818,3,8,0,234.34,46.83,44.0,0,0,0,0.0,20.78,11.93,0,0,0,0.0,0.0,0.0,29.42,3,4,0,0,0,1,840.54,1.0
11818,4,8,0,261.79,27.45,25.78,0,0,0,0.0,17.18,12.5,0,0,0,0.0,0.0,0.0,3.6,3,4,77,0,0,1,840.54,0.0
11818,5,8,0,373.75,111.96,109.19,77,0,0,0.7052,53.87,17.14,0,0,0,0.0,53.03,0.0,12.92,3,4,0,0,0,1,840.54,1.0
11818,6,8,0,397.88,24.13,21.49,0,0,0,0.0,7.88,4.21,0,0,0,0.0,0.0,0.0,9.34,3,4,0,0,0,1,840.54,1.0
11818,7,8,0,412.04,14.16,11.48,0,0,0,0.0,5.26,5.26,0,0,0,0.0,0.0,0.0,2.8,3,4,0,0,0,1,840.54,1.0
11818,8,8,0,431.79,19.75,17.0,0,0,0,0.0,6.1,6.1,0,0,0,0.0,0.0,0.0,6.41,3,4,54,53,1,1,840.54,
11819,1,1,1,140.46,0.0,140.46,33,0,0,0.2349,92.59,35.85,0,0,0,37.5,0.0,0.0,26.43,0,0,116,40,1,1,781.63,
