student_id,segment_index,behavioral_state,thinking_subtype,start_time_ms,end_time_ms,duration_s
12194,0,thinking,thinking-task,0,30611,30.61
12196,0,thinking,thinking-task,0,78207,78.21
12196,1,implementing,,78207,94967,16.76
12196,2,thinking,thinking-code,94967,109970,15.0
12196,3,implementing,,109970,130259,20.29
12196,4,thinking,thinking-code,130259,138109,7.85
12196,5,implementing,,138109,143957,5.85
12196,6,thinking,thinking-code,143957,155572,11.62
12196,7,debugging,,155572,162017,6.44
12196,8,seekingHelp,,162017,182237,20.22
12196,9,thinking,thinking-llm,182237,193215,10.98
12196,10,debugging,,193215,197537,4.32
12196,11,thinking,thinking-error,197537,735808,538.27
12197,0,thinking,thinking-task,0,70353,70.35
12197,1,implementing,,70353,91330,20.98
12197,2,thinking,thinking-code,91330,98080,6.75
12197,3,implementing,,98080,100745,2.66
12197,4,thinking,thinking-code,100745,110684,9.94
12197,5,implementing,,110684,124575,13.89
12197,6,thinking,thinking-code,124575,150131,25.56
12197,7,debugging,,150131,157889,7.76
12197,8,thinking,thinking-error,157889,178785,20.9
12197,9,debugging,,178785,214872,36.09
12197,10,thinking,thinking-error,214872,314885,100.01
12199,0,thinking,thinking-task,0,53009,53.01
12199,1,implementing,,53009,66451,13.44
12199,2,thinking,thinking-code,66451,75814,9.36
12199,3,implementing,,75814,110173,34.36
12199,4,thinking,thinking-code,110173,117067,6.89
12199,5,implementing,,117067,118334,1.27
12199,6,thinking,thinking-code,118334,128254,9.92
12199,7,implementing,,128254,196007,67.75
12199,8,thinking,thinking-code,196007,207168,11.16
12199,9,implementing,,207168,238268,31.1
12199,10,thinking,thinking-code,238268,241863,3.6
12199,11,testing,,241863,257085,15.22
12199,12,thinking,thinking-error,257085,269425,12.34
12199,13,debugging,,269425,280906,11.48
12199,14,thinking,thinking-error,280906,290201,9.3
12199,15,debugging,,290201,303418,13.22
12199,16,thinking,thinking-error,303418,324942,21.52
12200,0,thinking,thinking-task,0,98735,98.74
12200,1,implementing,,98735,116295,17.56
12200,2,thinking,thinking-code,116295,128179,11.88
12200,3,implementing,,128179,182879,54.7
12200,4,thinking,thinking-code,182879,196359,13.48
12200,5,implementing,,196359,246493,50.13
12200,6,thinking,thinking-code,246493,274379,27.89
12200,7,seekingHelp,,274379,281435,7.06
12200,8,thinking,thinking-llm,281435,289157,7.72
12200,9,debugging,,289157,296083,6.93
12200,10,thinking,thinking-error,296083,482812,186.73
12201,0,thinking,thinking-task,0,50715,50.72
12201,1,implementing,,50715,60864,10.15
12201,2,thinking,thinking-code,60864,67497,6.63
12201,3,implementing,,67497,74474,6.98
12201,4,thinking,thinking-code,74474,91044,16.57
12201,5,debugging,,91044,109466,18.42
12201,6,thinking,thinking-error,109466,113648,4.18
12201,7,debugging,,113648,116716,3.07
12201,8,thinking,thinking-error,116716,121223,4.51
12201,9,debugging,,121223,124310,3.09
12201,10,thinking,thinking-error,124310,131970,7.66
12201,11,debugging,,131970,164102,32.13
12201,12,thinking,thinking-error,164102,172516,8.41
12201,13,testing,,172516,174453,1.94
12201,14,thinking,thinking-error,174453,180225,5.77
12201,15,seekingHelp,,180225,190149,9.92
12201,16,thinking,thinking-llm,190149,196285,6.14
12201,17,debugging,,196285,200599,4.31
12201,18,thinking,thinking-error,200599,219131,18.53
12201,19,seekingHelp,,219131,226017,6.89
12201,20,thinking,thinking-llm,226017,237618,11.6
12201,21,debugging,,237618,238264,0.65
12201,22,thinking,thinking-error,238264,247073,8.81
12201,23,debugging,,247073,260146,13.07
12201,24,thinking,thinking-error,260146,267520,7.37
12201,25,debugging,,267520,280087,12.57
12201,26,seekingHelp,,280087,287055,6.97
12201,27,thinking,thinking-llm,287055,295986,8.93
12201,28,debugging,,295986,303682,7.7
12201,29,thinking,thinking-error,303682,419665,115.98
12202,0,thinking,thinking-task,0,30270,30.27
12202,1,implementing,,30270,34258,3.99
12202,2,thinking,thinking-code,34258,45683,11.42
12202,3,implementing,,45683,49361,3.68
12202,4,thinking,thinking-code,49361,66297,16.94
12202,5,implementing,,66297,91290,24.99
12202,6,testing,,91290,93493,2.2
12202,7,seekingHelp,,93493,100928,7.44
12202,8,thinking,thinking-llm,100928,128547,27.62
12202,9,debugging,,128547,199619,71.07
12202,10,thinking,thinking-error,199619,452738,253.12
12203,0,thinking,thinking-task,0,39645,39.65
12203,1,implementing,,39645,55244,15.6
12203,2,thinking,thinking-code,55244,63535,8.29
12203,3,implementing,,63535,75886,12.35
12203,4,thinking,thinking-code,75886,92774,16.89
12203,5,implementing,,92774,106612,13.84
12203,6,thinking,thinking-code,106612,142016,35.4
12203,7,seekingHelp,,142016,159967,17.95
12203,8,thinking,thinking-llm,159967,167195,7.23
12203,9,seekingHelp,,167195,203291,36.1
12203,10,thinking,thinking-llm,203291,225461,22.17
12203,11,seekingHelp,,225461,231926,6.46
12203,12,thinking,thinking-llm,231926,244059,12.13
12203,13,seekingHelp,,244059,249781,5.72
12203,14,thinking,thinking-llm,249781,258498,8.72
12203,15,debugging,,258498,275773,17.27
12203,16,thinking,thinking-error,275773,284887,9.11
12203,17,debugging,,284887,286306,1.42
12203,18,thinking,thinking-error,286306,296534,10.23
12203,19,seekingHelp,,296534,303256,6.72
12203,20,thinking,thinking-llm,303256,351043,47.79
12204,0,thinking,thinking-task,0,152790,152.79
12204,1,implementing,,152790,154771,1.98
12204,2,thinking,thinking-code,154771,212605,57.83
12204,3,implementing,,212605,245006,32.4
12204,4,thinking,thinking-code,245006,257753,12.75
12204,5,implementing,,257753,286919,29.17
12204,6,thinking,thinking-code,286919,300565,13.65
12204,7,implementing,,300565,304572,4.01
12204,8,thinking,thinking-code,304572,321469,16.9
12205,0,thinking,thinking-task,0,31170,31.17
12205,1,implementing,,31170,134392,103.22
12205,2,thinking,thinking-code,134392,141091,6.7
12205,3,implementing,,141091,146432,5.34
12205,4,thinking,thinking-code,146432,153856,7.42
12205,5,implementing,,153856,160672,6.82
12205,6,thinking,thinking-code,160672,171204,10.53
12205,7,debugging,,171204,174662,3.46
12205,8,thinking,thinking-error,174662,200544,25.88
12205,9,seekingHelp,,200544,205979,5.44
12205,10,thinking,thinking-llm,205979,256851,50.87
12205,11,debugging,,256851,270988,14.14
12205,12,thinking,thinking-error,270988,285755,14.77
12205,13,debugging,,285755,291283,5.53
12205,14,thinking,thinking-error,291283,298053,6.77
12205,15,debugging,,298053,301642,3.59
12205,16,thinking,thinking-error,301642,319841,18.2
12206,0,thinking,thinking-task,0,59384,59.38
12206,1,implementing,,59384,77563,18.18
12206,2,thinking,thinking-code,77563,88106,10.54
12206,3,implementing,,88106,92416,4.31
12206,4,thinking,thinking-code,92416,102595,10.18
12206,5,seekingHelp,,102595,111829,9.23
12206,6,thinking,thinking-llm,111829,194197,82.37
12206,7,implementing,,194197,211559,17.36
12206,8,thinking,thinking-code,211559,220139,8.58
12206,9,implementing,,220139,243566,23.43
12206,10,thinking,thinking-code,243566,259423,15.86
12206,11,implementing,,259423,285904,26.48
12206,12,thinking,thinking-code,285904,348127,62.22
12207,0,thinking,thinking-task,0,30060,30.06
12207,1,implementing,,30060,32861,2.8
12207,2,thinking,thinking-code,32861,68015,35.15
12207,3,implementing,,68015,70478,2.46
12207,4,thinking,thinking-code,70478,80395,9.92
12207,5,implementing,,80395,83954,3.56
12207,6,thinking,thinking-code,83954,104384,20.43
12207,7,implementing,,104384,111475,7.09
12207,8,thinking,thinking-code,111475,149930,38.46
12207,9,implementing,,149930,167238,17.31
12207,10,thinking,thinking-code,167238,177514,10.28
12207,11,implementing,,177514,204959,27.44
12207,12,thinking,thinking-code,204959,211060,6.1
12207,13,implementing,,211060,223295,12.24
12207,14,thinking,thinking-code,223295,250516,27.22
12207,15,debugging,,250516,253726,3.21
12207,16,thinking,thinking-error,253726,267667,13.94
12207,17,debugging,,267667,268914,1.25
12207,18,thinking,thinking-error,268914,277269,8.36
12207,19,debugging,,277269,277933,0.66
12207,20,thinking,thinking-error,277933,553156,275.22
12209,0,thinking,thinking-task,0,154052,154.05
12210,0,thinking,thinking-task,0,17649,17.65
12210,1,implementing,,17649,37383,19.73
12210,2,thinking,thinking-code,37383,58872,21.49
12210,3,implementing,,58872,73968,15.1
12210,4,thinking,thinking-code,73968,80615,6.65
12210,5,implementing,,80615,110107,29.49
12210,6,thinking,thinking-code,110107,116538,6.43
12210,7,implementing,,116538,123547,7.01
12210,8,thinking,thinking-code,123547,131247,7.7
12210,9,implementing,,131247,137543,6.3
12210,10,thinking,thinking-code,137543,141361,3.82
12210,11,debugging,,141361,145858,4.5
12210,12,thinking,thinking-error,145858,309978,164.12
12211,0,thinking,thinking-task,0,37738,37.74
12211,1,implementing,,37738,104559,66.82
12211,2,thinking,thinking-code,104559,110768,6.21
12211,3,implementing,,110768,115493,4.72
12211,4,thinking,thinking-code,115493,124871,9.38
12211,5,implementing,,124871,135437,10.57
12211,6,thinking,thinking-code,135437,169663,34.23
12211,7,debugging,,169663,177768,8.1
12211,8,thinking,thinking-error,177768,186164,8.4
12211,9,debugging,,186164,198597,12.43
12211,10,thinking,thinking-error,198597,213503,14.91
12211,11,debugging,,213503,216214,2.71
12211,12,thinking,thinking-error,216214,223153,6.94
12211,13,testing,,223153,226126,2.97
12211,14,thinking,thinking-error,226126,230780,4.65
12211,15,debugging,,230780,234220,3.44
12211,16,thinking,thinking-error,234220,241588,7.37
12211,17,debugging,,241588,243147,1.56
12211,18,testing,,243147,245889,2.74
12211,19,thinking,thinking-error,245889,254948,9.06
12211,20,debugging,,254948,262062,7.11
12211,21,thinking,thinking-error,262062,279126,17.06
12211,22,seekingHelp,,279126,285058,5.93
12211,23,thinking,thinking-llm,285058,296831,11.77
12211,24,seekingHelp,,296831,301487,4.66
12211,25,thinking,thinking-llm,301487,554529,253.04
12212,0,thinking,thinking-task,0,42196,42.2
12212,1,implementing,,42196,49730,7.53
12212,2,thinking,thinking-code,49730,56234,6.5
12212,3,implementing,,56234,66192,9.96
12212,4,thinking,thinking-code,66192,93826,27.63
12212,5,implementing,,93826,105632,11.81
12212,6,thinking,thinking-code,105632,114429,8.8
12212,7,implementing,,114429,121954,7.52
12212,8,thinking,thinking-code,121954,145498,23.54
12212,9,implementing,,145498,146081,0.58
12212,10,thinking,thinking-code,146081,155612,9.53
12212,11,implementing,,155612,220875,65.26
12212,12,thinking,thinking-code,220875,246850,25.98
12212,13,seekingHelp,,246850,261887,15.04
12212,14,thinking,thinking-llm,261887,293924,32.04
12212,15,debugging,,293924,296404,2.48
12212,16,thinking,thinking-error,296404,2472331,2175.93
12213,0,thinking,thinking-task,0,45469,45.47
12213,1,implementing,,45469,53979,8.51
12213,2,thinking,thinking-code,53979,70262,16.28
12213,3,implementing,,70262,95499,25.24
12213,4,thinking,thinking-code,95499,102244,6.74
12213,5,implementing,,102244,130517,28.27
12213,6,thinking,thinking-code,130517,149395,18.88
12213,7,implementing,,149395,184935,35.54
12213,8,thinking,thinking-code,184935,194424,9.49
12213,9,implementing,,194424,219852,25.43
12213,10,thinking,thinking-code,219852,252328,32.48
12213,11,seekingHelp,,252328,265617,13.29
12213,12,thinking,thinking-llm,265617,293414,27.8
12213,13,seekingHelp,,293414,311850,18.44
12213,14,thinking,thinking-llm,311850,342466,30.62
12214,0,thinking,thinking-task,0,60359,60.36
12214,1,implementing,,60359,66869,6.51
12214,2,thinking,thinking-code,66869,72939,6.07
12214,3,implementing,,72939,174655,101.72
12214,4,thinking,thinking-code,174655,185227,10.57
12214,5,debugging,,185227,187766,2.54
12214,6,thinking,thinking-error,187766,319476,131.71
12215,0,thinking,thinking-task,0,50764,50.76
12215,1,implementing,,50764,128936,78.17
12215,2,thinking,thinking-code,128936,134943,6.01
12215,3,implementing,,134943,169175,34.23
12215,4,thinking,thinking-code,169175,176327,7.15
12215,5,debugging,,176327,185652,9.32
12215,6,thinking,thinking-error,185652,206883,21.23
12215,7,seekingHelp,,206883,215454,8.57
12215,8,thinking,thinking-llm,215454,231532,16.08
12215,9,debugging,,231532,255396,23.86
12215,10,seekingHelp,,255396,264517,9.12
12215,11,thinking,thinking-llm,264517,270981,6.46
12215,12,debugging,,270981,277192,6.21
12215,13,thinking,thinking-error,277192,288038,10.85
12215,14,seekingHelp,,288038,294213,6.18
12215,15,thinking,thinking-llm,294213,334963,40.75
12216,0,thinking,thinking-task,0,31169,31.17
12216,1,implementing,,31169,40751,9.58
12216,2,thinking,thinking-code,40751,49162,8.41
12216,3,implementing,,49162,63273,14.11
12216,4,thinking,thinking-code,63273,80406,17.13
12216,5,implementing,,80406,86244,5.84
12216,6,thinking,thinking-code,86244,96514,10.27
12216,7,implementing,,96514,118253,21.74
12216,8,thinking,thinking-code,118253,144745,26.49
12216,9,implementing,,144745,172742,28.0
12216,10,thinking,thinking-code,172742,181974,9.23
12216,11,debugging,,181974,184215,2.24
12216,12,thinking,thinking-error,184215,188901,4.69
12216,13,debugging,,188901,192365,3.46
12216,14,thinking,thinking-error,192365,195380,3.02
12216,15,debugging,,195380,205031,9.65
12216,16,thinking,thinking-error,205031,234226,29.2
12216,17,debugging,,234226,243743,9.52
12216,18,thinking,thinking-error,243743,251020,7.28
12216,19,debugging,,251020,253550,2.53
12216,20,testing,,253550,255618,2.07
12216,21,debugging,,255618,257238,1.62
12216,22,thinking,thinking-error,257238,495521,238.28
12217,0,thinking,thinking-task,0,33896,33.9
12217,1,implementing,,33896,61890,27.99
12217,2,thinking,thinking-code,61890,68271,6.38
12217,3,implementing,,68271,74250,5.98
12217,4,thinking,thinking-code,74250,98327,24.08
12217,5,implementing,,98327,111176,12.85
12217,6,thinking,thinking-code,111176,122206,11.03
12217,7,debugging,,122206,131169,8.96
12217,8,thinking,thinking-error,131169,138283,7.11
12217,9,debugging,,138283,161717,23.43
12217,10,testing,,161717,163757,2.04
12217,11,thinking,thinking-error,163757,168620,4.86
12217,12,debugging,,168620,199863,31.24
12217,13,thinking,thinking-error,199863,211467,11.6
12217,14,debugging,,211467,218846,7.38
12217,15,thinking,thinking-error,218846,275682,56.84
12217,16,debugging,,275682,285096,9.41
12217,17,thinking,thinking-error,285096,294731,9.64
12217,18,debugging,,294731,297843,3.11
12217,19,thinking,thinking-error,297843,316803,18.96
12218,0,thinking,thinking-task,0,28810,28.81
12218,1,implementing,,28810,64465,35.66
12219,0,thinking,thinking-task,0,55511,55.51
12219,1,implementing,,55511,104331,48.82
12219,2,thinking,thinking-code,104331,115612,11.28
12219,3,debugging,,115612,116967,1.36
12219,4,thinking,thinking-error,116967,121504,4.54
12219,5,debugging,,121504,123170,1.67
12219,6,thinking,thinking-error,123170,130508,7.34
12219,7,debugging,,130508,140001,9.49
12219,8,thinking,thinking-error,140001,286341,146.34
12219,9,seekingHelp,,286341,293074,6.73
12219,10,thinking,thinking-llm,293074,315615,22.54
12220,0,thinking,thinking-task,0,51429,51.43
12220,1,implementing,,51429,63292,11.86
12220,2,thinking,thinking-code,63292,81142,17.85
12220,3,implementing,,81142,88427,7.28
12220,4,seekingHelp,,88427,107443,19.02
12220,5,thinking,thinking-llm,107443,128840,21.4
12220,6,implementing,,128840,145238,16.4
12220,7,thinking,thinking-code,145238,176984,31.75
12220,8,implementing,,176984,177742,0.76
12220,9,thinking,thinking-code,177742,182861,5.12
12220,10,seekingHelp,,182861,193151,10.29
12220,11,thinking,thinking-llm,193151,207952,14.8
12220,12,implementing,,207952,210106,2.15
12220,13,thinking,thinking-code,210106,222553,12.45
12220,14,implementing,,222553,236069,13.52
12220,15,thinking,thinking-code,236069,270635,34.57
12220,16,debugging,,270635,286162,15.53
12220,17,thinking,thinking-error,286162,293612,7.45
12220,18,debugging,,293612,301544,7.93
12220,19,thinking,thinking-error,301544,1124303,822.76
12221,0,thinking,thinking-task,0,44343,44.34
12221,1,implementing,,44343,62866,18.52
12221,2,thinking,thinking-code,62866,69669,6.8
12221,3,implementing,,69669,84350,14.68
12221,4,thinking,thinking-code,84350,95369,11.02
12221,5,implementing,,95369,137313,41.94
12221,6,thinking,thinking-code,137313,163166,25.85
12221,7,debugging,,163166,236671,73.5
12221,8,thinking,thinking-error,236671,242991,6.32
12221,9,debugging,,242991,253994,11.0
12221,10,testing,,253994,255723,1.73
12221,11,thinking,thinking-error,255723,259286,3.56
12221,12,debugging,,259286,274043,14.76
12221,13,testing,,274043,276806,2.76
12221,14,debugging,,276806,279978,3.17
12221,15,testing,,279978,283857,3.88
12221,16,seekingHelp,,283857,287799,3.94
12221,17,thinking,thinking-llm,287799,296507,8.71
12221,18,seekingHelp,,296507,299166,2.66
12221,19,thinking,thinking-llm,299166,309084,9.92
12221,20,seekingHelp,,309084,443316,134.23
12222,0,thinking,thinking-task,0,42616,42.62
12222,1,implementing,,42616,50695,8.08
12222,2,thinking,thinking-code,50695,4236250,4185.56
12223,0,thinking,thinking-task,0,40343,40.34
12223,1,implementing,,40343,49704,9.36
12223,2,thinking,thinking-code,49704,58888,9.18
12223,3,implementing,,58888,91943,33.06
12223,4,thinking,thinking-code,91943,105302,13.36
12223,5,implementing,,105302,125711,20.41
12223,6,thinking,thinking-code,125711,173500,47.79
12223,7,implementing,,173500,177659,4.16
12223,8,thinking,thinking-code,177659,183921,6.26
12223,9,implementing,,183921,185862,1.94
12223,10,thinking,thinking-code,185862,210756,24.89
12223,11,implementing,,210756,217822,7.07
12223,12,thinking,thinking-code,217822,236300,18.48
12223,13,implementing,,236300,252477,16.18
12223,14,thinking,thinking-code,252477,261307,8.83
12223,15,implementing,,261307,271048,9.74
12223,16,thinking,thinking-code,271048,291009,19.96
12223,17,implementing,,291009,297006,6.0
12223,18,thinking,thinking-code,297006,301965,4.96
12223,19,debugging,,301965,327962,26.0
12224,0,thinking,thinking-task,0,27558,27.56
12224,1,implementing,,27558,33409,5.85
12224,2,thinking,thinking-code,33409,64191,30.78
12224,3,implementing,,64191,99349,35.16
12224,4,thinking,thinking-code,99349,111620,12.27
12224,5,implementing,,111620,119154,7.53
12224,6,thinking,thinking-code,119154,131042,11.89
12224,7,implementing,,131042,150699,19.66
12224,8,thinking,thinking-code,150699,1462382,1311.68
12225,0,thinking,thinking-task,0,38532,38.53
12225,1,implementing,,38532,97370,58.84
12225,2,thinking,thinking-code,97370,102985,5.62
12225,3,debugging,,102985,104323,1.34
12225,4,thinking,thinking-error,104323,109364,5.04
12225,5,debugging,,109364,163348,53.98
12225,6,thinking,thinking-error,163348,171359,8.01
12225,7,seekingHelp,,171359,177724,6.36
12225,8,thinking,thinking-llm,177724,192605,14.88
12225,9,debugging,,192605,195081,2.48
12225,10,thinking,thinking-error,195081,242826,47.74
12225,11,debugging,,242826,255068,12.24
12225,12,testing,,255068,258654,3.59
12225,13,thinking,thinking-error,258654,275699,17.05
12225,14,seekingHelp,,275699,277905,2.21
12225,15,thinking,thinking-llm,277905,292392,14.49
12225,16,debugging,,292392,293854,1.46
12225,17,thinking,thinking-error,293854,299303,5.45
12225,18,seekingHelp,,299303,303365,4.06
12225,19,thinking,thinking-llm,303365,324561,21.2
12226,0,thinking,thinking-task,0,39992,39.99
12226,1,implementing,,39992,44199,4.21
12226,2,thinking,thinking-code,44199,87860,43.66
12226,3,implementing,,87860,100577,12.72
12226,4,thinking,thinking-code,100577,117796,17.22
12226,5,implementing,,117796,165948,48.15
12226,6,thinking,thinking-code,165948,202346,36.4
12226,7,debugging,,202346,203602,1.26
12226,8,testing,,203602,221287,17.68
12226,9,thinking,thinking-code,221287,469736,248.45
12227,0,thinking,thinking-task,0,648670,648.67
12228,0,thinking,thinking-task,0,69434,69.43
12228,1,implementing,,69434,132978,63.54
12228,2,testing,,132978,139350,6.37
12228,3,thinking,thinking-error,139350,149821,10.47
12228,4,debugging,,149821,152756,2.94
12228,5,testing,,152756,155611,2.86
12228,6,seekingHelp,,155611,164917,9.31
12228,7,thinking,thinking-llm,164917,171810,6.89
12228,8,seekingHelp,,171810,173576,1.77
12228,9,thinking,thinking-llm,173576,182199,8.62
12228,10,seekingHelp,,182199,184038,1.84
12228,11,thinking,thinking-llm,184038,219406,35.37
12228,12,debugging,,219406,219908,0.5
12228,13,thinking,thinking-error,219908,228021,8.11
12228,14,debugging,,228021,238352,10.33
12228,15,thinking,thinking-error,238352,244517,6.16
12228,16,debugging,,244517,247344,2.83
12228,17,thinking,thinking-error,247344,274262,26.92
12228,18,debugging,,274262,283435,9.17
12228,19,thinking,thinking-error,283435,296154,12.72
12228,20,debugging,,296154,296407,0.25
12228,21,thinking,thinking-error,296407,302531,6.12
12228,22,debugging,,302531,407831,105.3
12229,0,thinking,thinking-task,0,28711,28.71
12229,1,implementing,,28711,49673,20.96
12229,2,thinking,thinking-code,49673,56815,7.14
12229,3,implementing,,56815,60794,3.98
12229,4,thinking,thinking-code,60794,83427,22.63
12229,5,seekingHelp,,83427,101256,17.83
12229,6,thinking,thinking-llm,101256,124817,23.56
12229,7,implementing,,124817,140236,15.42
12229,8,thinking,thinking-code,140236,151022,10.79
12229,9,implementing,,151022,164276,13.25
12229,10,thinking,thinking-code,164276,191432,27.16
12229,11,debugging,,191432,196730,5.3
12229,12,thinking,thinking-error,196730,208995,12.26
12229,13,seekingHelp,,208995,214076,5.08
12229,14,thinking,thinking-llm,214076,221243,7.17
12229,15,debugging,,221243,223709,2.47
12229,16,thinking,thinking-error,223709,231173,7.46
12229,17,seekingHelp,,231173,235815,4.64
12229,18,thinking,thinking-llm,235815,273449,37.63
12229,19,debugging,,273449,274637,1.19
12229,20,testing,,274637,276444,1.81
12229,21,seekingHelp,,276444,285263,8.82
12229,22,thinking,thinking-llm,285263,299782,14.52
12229,23,seekingHelp,,299782,303004,3.22
12229,24,thinking,thinking-llm,303004,324667,21.66
12230,0,thinking,thinking-task,0,33443,33.44
12230,1,implementing,,33443,69702,36.26
12230,2,thinking,thinking-code,69702,76969,7.27
12230,3,implementing,,76969,111227,34.26
12230,4,thinking,thinking-code,111227,116537,5.31
12230,5,debugging,,116537,117942,1.4
12230,6,thinking,thinking-error,117942,157323,39.38
12230,7,debugging,,157323,161272,3.95
12230,8,thinking,thinking-error,161272,164829,3.56
12230,9,debugging,,164829,166862,2.03
12230,10,thinking,thinking-error,166862,175088,8.23
12230,11,debugging,,175088,217387,42.3
12230,12,thinking,thinking-error,217387,225766,8.38
12230,13,debugging,,225766,227763,2.0
12230,14,thinking,thinking-error,227763,237079,9.32
12230,15,debugging,,237079,240148,3.07
12230,16,testing,,240148,242809,2.66
12230,17,debugging,,242809,249091,6.28
12230,18,testing,,249091,251368,2.28
12230,19,thinking,thinking-error,251368,277933,26.56
12230,20,seekingHelp,,277933,298845,20.91
12230,21,thinking,thinking-llm,298845,329918,31.07
12231,0,thinking,thinking-task,0,101510,101.51
12231,1,implementing,,101510,115286,13.78
12231,2,thinking,thinking-code,115286,121731,6.44
12231,3,implementing,,121731,129756,8.02
12231,4,thinking,thinking-code,129756,139235,9.48
12231,5,implementing,,139235,160211,20.98
12231,6,thinking,thinking-code,160211,166471,6.26
12231,7,debugging,,166471,170163,3.69
12231,8,thinking,thinking-error,170163,370978,200.82
12232,0,thinking,thinking-task,0,239430,239.43
12232,1,implementing,,239430,240076,0.65
12232,2,thinking,thinking-code,240076,443705,203.63
12233,0,thinking,thinking-task,0,61027,61.03
12233,1,implementing,,61027,66446,5.42
12233,2,thinking,thinking-code,66446,90634,24.19
12233,3,implementing,,90634,140544,49.91
12233,4,thinking,thinking-code,140544,164275,23.73
12233,5,seekingHelp,,164275,169035,4.76
12233,6,thinking,thinking-llm,169035,186003,16.97
12233,7,debugging,,186003,193399,7.4
12233,8,seekingHelp,,193399,197095,3.7
12233,9,thinking,thinking-llm,197095,215359,18.26
12233,10,debugging,,215359,224984,9.62
12233,11,thinking,thinking-error,224984,234567,9.58
12233,12,debugging,,234567,247055,12.49
12233,13,thinking,thinking-error,247055,251960,4.9
12233,14,debugging,,251960,254969,3.01
12233,15,testing,,254969,257141,2.17
12233,16,seekingHelp,,257141,262426,5.28
12233,17,thinking,thinking-llm,262426,270972,8.55
12233,18,debugging,,270972,272370,1.4
12233,19,thinking,thinking-error,272370,340444,68.07
12234,0,thinking,thinking-task,0,40153,40.15
12234,1,implementing,,40153,84254,44.1
12234,2,thinking,thinking-code,84254,91279,7.02
12234,3,implementing,,91279,91915,0.64
12234,4,thinking,thinking-code,91915,99958,8.04
12234,5,implementing,,99958,154391,54.43
12234,6,thinking,thinking-code,154391,238760,84.37
12234,7,debugging,,238760,240569,1.81
12234,8,thinking,thinking-error,240569,937425,696.86
12235,0,thinking,thinking-task,0,51209,51.21
12235,1,implementing,,51209,62063,10.85
12235,2,thinking,thinking-code,62063,96700,34.64
12235,3,implementing,,96700,97003,0.3
12235,4,thinking,thinking-code,97003,113510,16.51
12235,5,seekingHelp,,113510,177501,63.99
12235,6,thinking,thinking-llm,177501,192968,15.47
12235,7,seekingHelp,,192968,207914,14.95
12235,8,thinking,thinking-llm,207914,221507,13.59
12235,9,implementing,,221507,226857,5.35
12235,10,thinking,thinking-code,226857,240227,13.37
12235,11,implementing,,240227,240884,0.66
12235,12,thinking,thinking-code,240884,247343,6.46
12235,13,implementing,,247343,258270,10.93
12235,14,thinking,thinking-code,258270,269180,10.91
12235,15,implementing,,269180,271227,2.05
12235,16,thinking,thinking-code,271227,372021,100.79
12236,0,thinking,thinking-task,0,36212,36.21
12236,1,implementing,,36212,40368,4.16
12236,2,thinking,thinking-code,40368,46666,6.3
12236,3,implementing,,46666,54433,7.77
12236,4,thinking,thinking-code,54433,60669,6.24
12236,5,implementing,,60669,156944,96.28
12236,6,thinking,thinking-code,156944,374798,217.85
12238,0,thinking,thinking-task,0,58635,58.64
12238,1,implementing,,58635,67701,9.07
12238,2,thinking,thinking-code,67701,234870,167.17
12239,0,thinking,thinking-task,0,37863,37.86
12239,1,implementing,,37863,44281,6.42
12239,2,thinking,thinking-code,44281,53852,9.57
12239,3,implementing,,53852,56632,2.78
12239,4,thinking,thinking-code,56632,69746,13.11
12239,5,implementing,,69746,147873,78.13
12239,6,thinking,thinking-code,147873,513874,366.0
12240,0,thinking,thinking-task,0,52270,52.27
12240,1,implementing,,52270,55706,3.44
12240,2,thinking,thinking-code,55706,64031,8.32
12240,3,implementing,,64031,114780,50.75
12240,4,thinking,thinking-code,114780,129726,14.95
12240,5,seekingHelp,,129726,132564,2.84
12240,6,thinking,thinking-llm,132564,156678,24.11
12240,7,debugging,,156678,165376,8.7
12240,8,thinking,thinking-error,165376,174856,9.48
12240,9,debugging,,174856,177010,2.15
12240,10,thinking,thinking-error,177010,197405,20.4
12240,11,seekingHelp,,197405,200412,3.01
12240,12,thinking,thinking-llm,200412,209053,8.64
12240,13,implementing,,209053,221426,12.37
12240,14,seekingHelp,,221426,223390,1.96
12240,15,thinking,thinking-llm,223390,237910,14.52
12241,0,thinking,thinking-task,0,26214,26.21
12241,1,implementing,,26214,45779,19.57
12241,2,thinking,thinking-code,45779,57654,11.88
12241,3,implementing,,57654,70615,12.96
12241,4,thinking,thinking-code,70615,77780,7.16
12241,5,implementing,,77780,142966,65.19
12241,6,thinking,thinking-code,142966,204145,61.18
12241,7,debugging,,204145,218628,14.48
12241,8,thinking,thinking-error,218628,291716,73.09
12242,0,thinking,thinking-task,0,89373,89.37
12242,1,implementing,,89373,115726,26.35
12242,2,thinking,thinking-code,115726,128430,12.7
12242,3,implementing,,128430,144068,15.64
12242,4,thinking,thinking-code,144068,154319,10.25
12242,5,implementing,,154319,174072,19.75
12242,6,thinking,thinking-code,174072,244408,70.34
12243,0,thinking,thinking-task,0,36303,36.3
12243,1,implementing,,36303,72526,36.22
12243,2,thinking,thinking-code,72526,76902,4.38
12243,3,debugging,,76902,78714,1.81
12243,4,thinking,thinking-error,78714,112766,34.05
12243,5,seekingHelp,,112766,117500,4.73
12243,6,thinking,thinking-llm,117500,127170,9.67
12243,7,seekingHelp,,127170,131629,4.46
12243,8,thinking,thinking-llm,131629,145451,13.82
12243,9,debugging,,145451,155389,9.94
12243,10,testing,,155389,160666,5.28
12243,11,seekingHelp,,160666,170230,9.56
12243,12,thinking,thinking-llm,170230,184882,14.65
12243,13,debugging,,184882,192212,7.33
12244,0,thinking,thinking-task,0,68372,68.37
12244,1,implementing,,68372,78732,10.36
12244,2,thinking,thinking-code,78732,93302,14.57
12244,3,debugging,,93302,94837,1.54
12244,4,thinking,thinking-error,94837,103691,8.85
12244,5,debugging,,103691,108564,4.87
12244,6,thinking,thinking-error,108564,115723,7.16
12244,7,debugging,,115723,174060,58.34
12244,8,thinking,thinking-error,174060,218934,44.87
12245,0,thinking,thinking-task,0,29348,29.35
12245,1,implementing,,29348,68239,38.89
12245,2,thinking,thinking-code,68239,87308,19.07
12245,3,seekingHelp,,87308,103960,16.65
12245,4,thinking,thinking-llm,103960,117339,13.38
12245,5,seekingHelp,,117339,129849,12.51
12245,6,thinking,thinking-llm,129849,135414,5.56
12245,7,implementing,,135414,146537,11.12
12245,8,thinking,thinking-code,146537,157145,10.61
12245,9,implementing,,157145,160265,3.12
12246,0,thinking,thinking-task,0,74656,74.66
